{
	"credit": "Made with Blockbench",
	"ambientocclusion": false,
	"texture_size": [64, 64],
	},
	"elements": [
		{
			"from": [2.4, -4, -3],
			"to": [13, -2.3, 20],
			"rotation": {"angle": 0, "axis": "y", "origin": [0, 0, 0]},
			"color": 4,
			"faces": {
				"north": {"uv": [0, 2, 1, 3], "texture": "#missing"},
				"east": {"uv": [0, 2, 1, 3], "texture": "#missing"},
				"south": {"uv": [0, 2, 1, 3], "texture": "#missing"},
				"west": {"uv": [0, 2, 1, 3], "texture": "#missing"},
				"up": {"uv": [0, 2, 1, 3], "texture": "#missing"},
				"down": {"uv": [0, 2, 1, 3], "texture": "#missing"}
			}
		},
		{
			"from": [-1.6, -7, -16],
			"to": [17, -2.4, -13.5],
			"rotation": {"angle": 0, "axis": "y", "origin": [0, 0, 0]},
			"faces": {
				"north": {"uv": [2, 0, 3, 1], "texture": "#missing"},
				"east": {"uv": [11.25, 4.5, 12, 5.5], "texture": "#0"},
				"south": {"uv": [2, 0, 3, 1], "texture": "#missing"},
				"west": {"uv": [0, 1.75, 0.75, 2.75], "texture": "#0"},
				"up": {"uv": [2, 0, 3, 1], "texture": "#missing"},
				"down": {"uv": [2, 0, 3, 1], "texture": "#missing"}
			}
		},
		{
			"from": [-0.6, -7.8, -15],
			"to": [16, -3.3, 27.5],
			"rotation": {"angle": 0, "axis": "y", "origin": [0, 0, 0]},
			"color": 4,
			"faces": {
				"north": {"uv": [2, 0, 3, 1], "texture": "#missing"},
				"east": {"uv": [2, 0, 3, 1], "texture": "#missing"},
				"south": {"uv": [2, 0, 3, 1], "texture": "#missing"},
				"west": {"uv": [2, 0, 3, 1], "texture": "#missing"},
				"up": {"uv": [2, 0, 3, 1], "texture": "#missing"},
				"down": {"uv": [2, 0, 3, 1], "texture": "#missing"}
			}
		},
		{
			"from": [12.4, -7.55, 25],
			"to": [13.5, -6.55, 31.5],
			"rotation": {"angle": 0, "axis": "y", "origin": [5.25, 0, 4]},
			"color": 4,
			"faces": {
				"north": {"uv": [2, 0, 3, 1], "texture": "#missing"},
				"east": {"uv": [2, 0, 3, 1], "texture": "#missing"},
				"south": {"uv": [2, 0, 3, 1], "texture": "#missing"},
				"west": {"uv": [2, 0, 3, 1], "texture": "#missing"},
				"up": {"uv": [2, 0, 3, 1], "texture": "#missing"},
				"down": {"uv": [2, 0, 3, 1], "texture": "#missing"}
			}
		},
		{
			"from": [-1.6, -6.75, 20.5],
			"to": [17, 1.35, 30],
			"rotation": {"angle": 0, "axis": "y", "origin": [0, 0.25, 0]},
			"faces": {
				"north": {"uv": [2, 0, 3, 1], "texture": "#missing"},
				"east": {"uv": [0, 2.75, 1, 5.5], "texture": "#0"},
				"south": {"uv": [2, 0, 3, 1], "texture": "#missing"},
				"west": {"uv": [11, 0, 12, 2.75], "texture": "#0"},
				"up": {"uv": [2, 0, 3, 1], "texture": "#missing"},
				"down": {"uv": [2, 0, 3, 1], "texture": "#missing"}
			}
		},
		{
			"from": [-1.6, -6, 20],
			"to": [17, -2.4, 20.5],
			"rotation": {"angle": 0, "axis": "y", "origin": [0, 0, 0]},
			"faces": {
				"north": {"uv": [2, 0, 3, 1], "texture": "#missing"},
				"east": {"uv": [2, 0, 3, 1], "texture": "#missing"},
				"south": {"uv": [2, 0, 3, 1], "texture": "#missing"},
				"west": {"uv": [2, 0, 3, 1], "texture": "#0"},
				"up": {"uv": [2, 0, 3, 1], "texture": "#missing"},
				"down": {"uv": [2, 0, 3, 1], "texture": "#missing"}
			}
		},
		{
			"from": [-1.6, -4, 15.25],
			"to": [17, -2.4, 19.25],
			"rotation": {"angle": 0, "axis": "y", "origin": [0, 0, 0]},
			"color": 4,
			"faces": {
				"north": {"uv": [2, 0, 3, 1], "texture": "#missing"},
				"east": {"uv": [2, 0, 3, 1], "texture": "#missing"},
				"south": {"uv": [2, 0, 3, 1], "texture": "#missing"},
				"west": {"uv": [2, 0, 3, 1], "texture": "#missing"},
				"up": {"uv": [2, 0, 3, 1], "texture": "#missing"},
				"down": {"uv": [2, 0, 3, 1], "texture": "#missing"}
			}
		},
		{
			"from": [-1.6, -6, 14],
			"to": [17, -2.4, 14.5],
			"rotation": {"angle": 0, "axis": "y", "origin": [0, 0, 0]},
			"faces": {
				"north": {"uv": [2, 0, 3, 1], "texture": "#missing"},
				"east": {"uv": [2, 0, 3, 1], "texture": "#missing"},
				"south": {"uv": [2, 0, 3, 1], "texture": "#missing"},
				"west": {"uv": [7.75, 1.5, 8, 2.75], "texture": "#0"},
				"up": {"uv": [2, 0, 3, 1], "texture": "#missing"},
				"down": {"uv": [2, 0, 3, 1], "texture": "#missing"}
			}
		},
		{
			"from": [-1.6, -4.5, 14.5],
			"to": [17, -2.4, 15.25],
			"rotation": {"angle": 0, "axis": "y", "origin": [0, 0, 0]},
			"color": 4,
			"faces": {
				"north": {"uv": [2, 0, 3, 1], "texture": "#missing"},
				"east": {"uv": [2, 0, 3, 1], "texture": "#missing"},
				"south": {"uv": [2, 0, 3, 1], "texture": "#missing"},
				"west": {"uv": [2, 0, 3, 1], "texture": "#missing"},
				"up": {"uv": [2, 0, 3, 1], "texture": "#missing"},
				"down": {"uv": [2, 0, 3, 1], "texture": "#missing"}
			}
		},
		{
			"from": [-1.6, -4.5, 19.25],
			"to": [17, -2.4, 20],
			"rotation": {"angle": 0, "axis": "y", "origin": [0, 0, 0]},
			"color": 4,
			"faces": {
				"north": {"uv": [2, 0, 3, 1], "texture": "#missing"},
				"east": {"uv": [2, 0, 3, 1], "texture": "#missing"},
				"south": {"uv": [2, 0, 3, 1], "texture": "#missing"},
				"west": {"uv": [2, 0, 3, 1], "texture": "#missing"},
				"up": {"uv": [2, 0, 3, 1], "texture": "#missing"},
				"down": {"uv": [2, 0, 3, 1], "texture": "#missing"}
			}
		},
		{
			"from": [-1.6, -6, -14],
			"to": [17, -2.4, -13.5],
			"rotation": {"angle": 0, "axis": "y", "origin": [0, 0, 0]},
			"faces": {
				"north": {"uv": [2, 0, 3, 1], "texture": "#missing"},
				"east": {"uv": [8.75, 4.5, 9.75, 5.5], "texture": "#0"},
				"south": {"uv": [2, 0, 3, 1], "texture": "#missing"},
				"west": {"uv": [2, 1.5, 3, 2.5], "texture": "#0"},
				"up": {"uv": [2, 0, 3, 1], "texture": "#missing"},
				"down": {"uv": [2, 0, 3, 1], "texture": "#missing"}
			}
		},
		{
			"from": [-1.6, -4.5, -13.5],
			"to": [17, -2.4, -12.75],
			"rotation": {"angle": 0, "axis": "y", "origin": [0, 0, 0]},
			"color": 4,
			"faces": {
				"north": {"uv": [2, 0, 3, 1], "texture": "#missing"},
				"east": {"uv": [2, 0, 3, 1], "texture": "#missing"},
				"south": {"uv": [2, 0, 3, 1], "texture": "#missing"},
				"west": {"uv": [2, 0, 3, 1], "texture": "#missing"},
				"up": {"uv": [2, 0, 3, 1], "texture": "#missing"},
				"down": {"uv": [2, 0, 3, 1], "texture": "#missing"}
			}
		},
		{
			"from": [-1.6, -4, -12.75],
			"to": [17, -2.4, -8.75],
			"rotation": {"angle": 0, "axis": "y", "origin": [0, 0, 0]},
			"color": 4,
			"faces": {
				"north": {"uv": [2, 0, 3, 1], "texture": "#missing"},
				"east": {"uv": [2, 0, 3, 1], "texture": "#missing"},
				"south": {"uv": [2, 0, 3, 1], "texture": "#missing"},
				"west": {"uv": [2, 0, 3, 1], "texture": "#missing"},
				"up": {"uv": [2, 0, 3, 1], "texture": "#missing"},
				"down": {"uv": [2, 0, 3, 1], "texture": "#missing"}
			}
		},
		{
			"from": [-1.6, -4.5, -8.75],
			"to": [17, -2.4, -8],
			"rotation": {"angle": 0, "axis": "y", "origin": [0, 0, 0]},
			"color": 4,
			"faces": {
				"north": {"uv": [2, 0, 3, 1], "texture": "#missing"},
				"east": {"uv": [2, 0, 3, 1], "texture": "#missing"},
				"south": {"uv": [2, 0, 3, 1], "texture": "#missing"},
				"west": {"uv": [2, 0, 3, 1], "texture": "#missing"},
				"up": {"uv": [2, 0, 3, 1], "texture": "#missing"},
				"down": {"uv": [2, 0, 3, 1], "texture": "#missing"}
			}
		},
		{
			"from": [-1.6, -6, -8],
			"to": [17, -2.4, -7.5],
			"rotation": {"angle": 0, "axis": "y", "origin": [0, 0, 0]},
			"faces": {
				"north": {"uv": [2, 0, 3, 1], "texture": "#missing"},
				"east": {"uv": [8.75, 4.5, 9.25, 5.5], "texture": "#0"},
				"south": {"uv": [2, 0, 3, 1], "texture": "#missing"},
				"west": {"uv": [2, 1.75, 2.5, 2.75], "texture": "#0"},
				"up": {"uv": [2, 0, 3, 1], "texture": "#missing"},
				"down": {"uv": [2, 0, 3, 1], "texture": "#missing"}
			}
		},
		{
			"from": [-1.6, -7, -7.5],
			"to": [17, -2.4, 14],
			"rotation": {"angle": 0, "axis": "y", "origin": [0, 0, 0]},
			"faces": {
				"north": {"uv": [2, 0, 3, 1], "texture": "#missing"},
				"east": {"uv": [4.25, 4.75, 9.5, 5.5], "texture": "#0"},
				"south": {"uv": [2, 0, 3, 1], "texture": "#missing"},
				"west": {"uv": [2.5, 2, 7.75, 2.75], "texture": "#0"},
				"up": {"uv": [2, 0, 3, 1], "texture": "#missing"},
				"down": {"uv": [2, 0, 3, 1], "texture": "#missing"}
			}
		},
		{
			"from": [3.85, 0.5, -16],
			"to": [11.45, 1.7, -1],
			"rotation": {"angle": 0, "axis": "y", "origin": [0, 0, 0]},
			"faces": {
				"north": {"uv": [1.25, 5.5, 3.25, 5.75], "texture": "#0"},
				"east": {"uv": [1.25, 5.5, 1.5, 9], "texture": "#0"},
				"south": {"uv": [0, 0, 1, 1], "texture": "#missing"},
				"west": {"uv": [3, 5.5, 3.25, 9], "texture": "#0"},
				"up": {"uv": [1.25, 5.5, 3.25, 9], "texture": "#0"},
				"down": {"uv": [0, 0, 1, 1], "texture": "#missing"}
			}
		},
		{
			"from": [3.85, -2.5, -16],
			"to": [11.45, 1.25, -15.65],
			"rotation": {"angle": 0, "axis": "y", "origin": [0, 0.25, 0]},
			"faces": {
				"north": {"uv": [4.5, 6.75, 8.25, 9], "texture": "#0"},
				"east": {"uv": [4.5, 6.75, 4.75, 9], "texture": "#0"},
				"south": {"uv": [0, 0, 8, 4], "texture": "#missing"},
				"west": {"uv": [8, 6.75, 8.25, 9], "texture": "#0"},
				"up": {"uv": [4.5, 6.75, 8.25, 7], "texture": "#0"},
				"down": {"uv": [4.5, 8.75, 8.25, 9], "texture": "#0"}
			}
		},
		{
			"from": [-1.6, 0.15, -16],
			"to": [17, 0.75, -15.75],
			"rotation": {"angle": 0, "axis": "y", "origin": [0, 0.25, 0]},
			"faces": {
				"north": {"uv": [4.5, 6, 9, 6.25], "texture": "#0"},
				"east": {"uv": [8.75, 6, 9, 6.25], "texture": "#0"},
				"south": {"uv": [0, 0, 16, 1], "texture": "#missing"},
				"west": {"uv": [8.75, 6, 9, 6.25], "texture": "#0"},
				"up": {"uv": [4.5, 6, 9, 6.25], "texture": "#0"},
				"down": {"uv": [4.5, 6, 9, 6.25], "texture": "#0"}
			}
		},
		{
			"from": [-1.8, -2.5, -16],
			"to": [-1.2, 0.25, -15.75],
			"rotation": {"angle": 0, "axis": "y", "origin": [0, 0.25, 0]},
			"faces": {
				"north": {"uv": [9.25, 5.75, 9.5, 7], "texture": "#0"},
				"east": {"uv": [9.25, 5.75, 9.5, 7], "texture": "#0"},
				"south": {"uv": [9.25, 5.75, 9.5, 7], "texture": "#0"},
				"west": {"uv": [9.25, 5.75, 9.5, 7], "texture": "#0"},
				"up": {"uv": [0, 0, 1, 1], "texture": "#missing"},
				"down": {"uv": [0, 0, 1, 1], "texture": "#missing"}
			}
		},
		{
			"from": [16.7, -2.5, -16],
			"to": [17.3, 0.25, -15.75],
			"rotation": {"angle": 0, "axis": "y", "origin": [0, 0.25, 0]},
			"faces": {
				"north": {"uv": [9.25, 5.75, 9.5, 7], "texture": "#0"},
				"east": {"uv": [9.25, 5.75, 9.5, 7], "texture": "#0"},
				"south": {"uv": [9.25, 5.75, 9.5, 7], "texture": "#0"},
				"west": {"uv": [9.25, 5.75, 9.5, 7], "texture": "#0"},
				"up": {"uv": [0, 0, 1, 1], "texture": "#missing"},
				"down": {"uv": [0, 0, 1, 1], "texture": "#missing"}
			}
		},
		{
			"from": [4.1, -5.75, -16],
			"to": [11.2, -4, -15.65],
			"rotation": {"angle": 0, "axis": "y", "origin": [0, 0, 0]},
			"faces": {
				"north": {"uv": [0, 13, 12, 16], "texture": "#0"},
				"east": {"uv": [0, 0, 1, 2], "texture": "#missing"},
				"south": {"uv": [0, 0, 8, 2], "texture": "#missing"},
				"west": {"uv": [0, 0, 1, 2], "texture": "#missing"},
				"up": {"uv": [0, 0, 8, 1], "texture": "#missing"},
				"down": {"uv": [0, 0, 8, 1], "texture": "#missing"}
			}
		},
		{
			"from": [11.35, -2.5, -16],
			"to": [16.75, 0.15, -15.9],
			"rotation": {"angle": 0, "axis": "y", "origin": [0, 0.25, 0]},
			"faces": {
				"north": {"uv": [12, 0, 13.5, 1], "texture": "#0"},
				"east": {"uv": [0, 0, 1, 3], "texture": "#missing"},
				"south": {"uv": [0, 0, 6, 3], "texture": "#missing"},
				"west": {"uv": [0, 0, 1, 3], "texture": "#missing"},
				"up": {"uv": [0, 0, 6, 1], "texture": "#missing"},
				"down": {"uv": [0, 0, 6, 1], "texture": "#missing"}
			}
		},
		{
			"from": [-1.55, -2.5, -16],
			"to": [3.85, 0.15, -15.9],
			"rotation": {"angle": 0, "axis": "y", "origin": [0, 0.25, 0]},
			"faces": {
				"north": {"uv": [12, 0, 13.5, 1], "texture": "#0"},
				"east": {"uv": [0, 0, 1, 3], "texture": "#missing"},
				"south": {"uv": [0, 0, 6, 3], "texture": "#missing"},
				"west": {"uv": [0, 0, 1, 3], "texture": "#missing"},
				"up": {"uv": [0, 0, 6, 1], "texture": "#missing"},
				"down": {"uv": [0, 0, 6, 1], "texture": "#missing"}
			}
		},
		{
			"from": [-2, -0.6, -15.25],
			"to": [17.4, 0, -14],
			"rotation": {"angle": 0, "axis": "y", "origin": [0, 0, 0]},
			"faces": {
				"north": {"uv": [12, 1.75, 12.5, 2], "texture": "#0"},
				"east": {"uv": [12, 1.75, 12.5, 2], "texture": "#0"},
				"south": {"uv": [12, 1.75, 12.5, 2], "texture": "#0"},
				"west": {"uv": [12, 1.75, 12.5, 2], "texture": "#0"},
				"up": {"uv": [12, 1.75, 12.5, 2], "texture": "#0"},
				"down": {"uv": [12, 1.75, 12.5, 2], "texture": "#0"}
			}
		},
		{
			"from": [-1.6, -2.45, 18],
			"to": [17, 1.1, 20.5],
			"rotation": {"angle": 0, "axis": "y", "origin": [0, 0, 0]},
			"color": 4,
			"faces": {
				"north": {"uv": [2, 0, 3, 1], "texture": "#missing"},
				"east": {"uv": [2, 0, 3, 1], "texture": "#missing"},
				"south": {"uv": [2, 0, 3, 1], "texture": "#missing"},
				"west": {"uv": [2, 0, 3, 1], "texture": "#missing"},
				"up": {"uv": [2, 0, 3, 1], "texture": "#missing"},
				"down": {"uv": [2, 0, 3, 1], "texture": "#missing"}
			}
		},
		{
			"from": [-1.6, -2.95, 30],
			"to": [4, 0.1, 31],
			"rotation": {"angle": 0, "axis": "y", "origin": [0, 0, 0]},
			"faces": {
				"north": {"uv": [2, 0, 3, 1], "texture": "#missing"},
				"east": {"uv": [13.25, 1, 13.5, 2], "texture": "#0"},
				"south": {"uv": [12, 1, 13.5, 2], "texture": "#0"},
				"west": {"uv": [12, 1, 12.25, 2], "texture": "#0"},
				"up": {"uv": [2, 0, 3, 1], "texture": "#missing"},
				"down": {"uv": [2, 0, 3, 1], "texture": "#missing"}
			}
		},
		{
			"from": [11.4, -2.95, 30],
			"to": [17, 0.1, 31],
			"rotation": {"angle": 0, "axis": "y", "origin": [0, 0, 0]},
			"faces": {
				"north": {"uv": [2, 0, 3, 1], "texture": "#missing"},
				"east": {"uv": [14.75, 0, 15, 1], "texture": "#0"},
				"south": {"uv": [13.5, 0, 15, 1], "texture": "#0"},
				"west": {"uv": [13.5, 0, 13.75, 1], "texture": "#0"},
				"up": {"uv": [2, 0, 3, 1], "texture": "#missing"},
				"down": {"uv": [2, 0, 3, 1], "texture": "#missing"}
			}
		},
		{
			"from": [-1.5, 0.05, 30],
			"to": [16.9, 1.1, 31.25],
			"rotation": {"angle": 0, "axis": "y", "origin": [0, 0, 0]},
			"color": 4,
			"faces": {
				"north": {"uv": [2, 0, 3, 1], "texture": "#missing"},
				"east": {"uv": [2, 0, 3, 1], "texture": "#missing"},
				"south": {"uv": [2, 0, 3, 1], "texture": "#missing"},
				"west": {"uv": [2, 0, 3, 1], "texture": "#missing"},
				"up": {"uv": [2, 0, 3, 1], "texture": "#missing"},
				"down": {"uv": [2, 0, 3, 1], "texture": "#missing"}
			}
		},
		{
			"from": [4.1, -2.25, 29.9],
			"to": [11.2, -0.5, 30.25],
			"rotation": {"angle": 0, "axis": "y", "origin": [0, 0, 0]},
			"faces": {
				"north": {"uv": [0, 0, 8, 2], "texture": "#missing"},
				"east": {"uv": [0, 0, 1, 2], "texture": "#missing"},
				"south": {"uv": [0, 13, 12, 16], "texture": "#0"},
				"west": {"uv": [0, 0, 1, 2], "texture": "#missing"},
				"up": {"uv": [0, 0, 8, 1], "texture": "#missing"},
				"down": {"uv": [0, 0, 8, 1], "texture": "#missing"}
			}
		},
		{
			"from": [-1.5, 0.95, 19],
			"to": [16.9, 1.55, 30],
			"rotation": {"angle": 0, "axis": "x", "origin": [7.7, 1.375, 25.25]},
			"color": 4,
			"faces": {
				"north": {"uv": [2, 0, 3, 1], "texture": "#missing"},
				"east": {"uv": [2, 0, 3, 1], "texture": "#missing"},
				"south": {"uv": [2, 0, 3, 1], "texture": "#missing"},
				"west": {"uv": [2, 0, 3, 1], "texture": "#missing"},
				"up": {"uv": [2, 0, 3, 1], "texture": "#missing"},
				"down": {"uv": [2, 0, 3, 1], "texture": "#missing"}
			}
		},
		{
			"from": [-1.6, -6.45, 30],
			"to": [17, -4.4, 31.25],
			"rotation": {"angle": 0, "axis": "y", "origin": [0, 0, 0]},
			"color": 5,
			"faces": {
				"north": {"uv": [2, 0, 3, 1], "texture": "#missing"},
				"east": {"uv": [2, 0, 3, 1], "texture": "#missing"},
				"south": {"uv": [2, 0, 3, 1], "texture": "#missing"},
				"west": {"uv": [2, 0, 3, 1], "texture": "#missing"},
				"up": {"uv": [2, 0, 3, 1], "texture": "#missing"},
				"down": {"uv": [2, 0, 3, 1], "texture": "#missing"}
			}
		},
		{
			"from": [-1.6, -4.45, 30],
			"to": [17, -2.9, 30.75],
			"rotation": {"angle": 0, "axis": "y", "origin": [0, 0, 0]},
			"color": 4,
			"faces": {
				"north": {"uv": [2, 0, 3, 1], "texture": "#missing"},
				"east": {"uv": [2, 0, 3, 1], "texture": "#missing"},
				"south": {"uv": [2, 0, 3, 1], "texture": "#missing"},
				"west": {"uv": [2, 0, 3, 1], "texture": "#missing"},
				"up": {"uv": [2, 0, 3, 1], "texture": "#missing"},
				"down": {"uv": [2, 0, 3, 1], "texture": "#missing"}
			}
		},
		{
			"from": [-2.35, -6.45, 28.75],
			"to": [-1.5, -4.4, 31.15],
			"rotation": {"angle": 0, "axis": "y", "origin": [0, 0, 0]},
			"color": 5,
			"faces": {
				"north": {"uv": [2, 0, 3, 1], "texture": "#missing"},
				"east": {"uv": [2, 0, 3, 1], "texture": "#missing"},
				"south": {"uv": [2, 0, 3, 1], "texture": "#missing"},
				"west": {"uv": [2, 0, 3, 1], "texture": "#missing"},
				"up": {"uv": [2, 0, 3, 1], "texture": "#missing"},
				"down": {"uv": [2, 0, 3, 1], "texture": "#missing"}
			}
		},
		{
			"from": [16.9, -6.45, 28.75],
			"to": [17.75, -4.4, 31.15],
			"rotation": {"angle": 0, "axis": "y", "origin": [0, 0, 0]},
			"color": 5,
			"faces": {
				"north": {"uv": [2, 0, 3, 1], "texture": "#missing"},
				"east": {"uv": [2, 0, 3, 1], "texture": "#missing"},
				"south": {"uv": [2, 0, 3, 1], "texture": "#missing"},
				"west": {"uv": [2, 0, 3, 1], "texture": "#missing"},
				"up": {"uv": [2, 0, 3, 1], "texture": "#missing"},
				"down": {"uv": [2, 0, 3, 1], "texture": "#missing"}
			}
		},
		{
			"from": [16, -2.5, -3],
			"to": [17, 2.1, 18],
			"rotation": {"angle": 0, "axis": "y", "origin": [0, 0, 0]},
			"faces": {
				"north": {"uv": [8.25, 2.75, 8.5, 3.25], "texture": "#0"},
				"east": {"uv": [3.25, 2.75, 8.5, 3], "texture": "#0"},
				"south": {"uv": [2, 0, 3, 1], "texture": "#missing"},
				"west": {"uv": [2, 0, 3, 1], "texture": "#missing"},
				"up": {"uv": [2, 0, 3, 1], "texture": "#missing"},
				"down": {"uv": [2, 0, 3, 1], "texture": "#missing"}
			}
		},
		{
			"from": [17, 1.5, 0],
			"to": [20.25, 3.85, 1],
			"rotation": {"angle": 0, "axis": "y", "origin": [2.75, 4, 1.5]},
			"color": 4,
			"faces": {
				"north": {"uv": [2, 0, 3, 1], "texture": "#missing"},
				"east": {"uv": [2, 0, 3, 1], "texture": "#missing"},
				"south": {"uv": [2, 0, 3, 1], "texture": "#missing"},
				"west": {"uv": [2, 0, 3, 1], "texture": "#missing"},
				"up": {"uv": [2, 0, 3, 1], "texture": "#missing"},
				"down": {"uv": [2, 0, 3, 1], "texture": "#missing"}
			}
		},
		{
			"from": [16.5, 2.5, 0.25],
			"to": [17.25, 3.35, 0.75],
			"rotation": {"angle": 0, "axis": "y", "origin": [1.25, 4.25, 1.5]},
			"color": 4,
			"faces": {
				"north": {"uv": [2, 0, 3, 1], "texture": "#missing"},
				"east": {"uv": [2, 0, 3, 1], "texture": "#missing"},
				"south": {"uv": [2, 0, 3, 1], "texture": "#missing"},
				"west": {"uv": [2, 0, 3, 1], "texture": "#missing"},
				"up": {"uv": [2, 0, 3, 1], "texture": "#missing"},
				"down": {"uv": [2, 0, 3, 1], "texture": "#missing"}
			}
		},
		{
			"from": [-1.6, -2.5, -3],
			"to": [-0.6, 2.1, 18],
			"rotation": {"angle": 0, "axis": "y", "origin": [0, 0, 0]},
			"faces": {
				"north": {"uv": [3.5, 0, 4, 0.5], "texture": "#0"},
				"east": {"uv": [2, 0, 3, 1], "texture": "#missing"},
				"south": {"uv": [2, 0, 3, 1], "texture": "#missing"},
				"west": {"uv": [3.5, 0, 8.75, 0.25], "texture": "#0"},
				"up": {"uv": [3.5, 0, 8.75, 0.25], "texture": "#0"},
				"down": {"uv": [2, 0, 3, 1], "texture": "#missing"}
			}
		},
		{
			"from": [-4.85, 1.5, 0],
			"to": [-1.6, 3.85, 1],
			"rotation": {"angle": 0, "axis": "y", "origin": [-2.5, 4, 1.5]},
			"color": 4,
			"faces": {
				"north": {"uv": [2, 0, 3, 1], "texture": "#missing"},
				"east": {"uv": [2, 0, 3, 1], "texture": "#missing"},
				"south": {"uv": [2, 0, 3, 1], "texture": "#missing"},
				"west": {"uv": [2, 0, 3, 1], "texture": "#missing"},
				"up": {"uv": [2, 0, 3, 1], "texture": "#missing"},
				"down": {"uv": [2, 0, 3, 1], "texture": "#missing"}
			}
		},
		{
			"from": [-1.85, 2.5, 0.25],
			"to": [-1.1, 3.35, 0.75],
			"rotation": {"angle": 0, "axis": "y", "origin": [-0.5, 4.25, 1.5]},
			"color": 4,
			"faces": {
				"north": {"uv": [2, 0, 3, 1], "texture": "#missing"},
				"east": {"uv": [2, 0, 3, 1], "texture": "#missing"},
				"south": {"uv": [2, 0, 3, 1], "texture": "#missing"},
				"west": {"uv": [2, 0, 3, 1], "texture": "#missing"},
				"up": {"uv": [2, 0, 3, 1], "texture": "#missing"},
				"down": {"uv": [2, 0, 3, 1], "texture": "#missing"}
			}
		},
		{
			"from": [15.75, 1.5, 0],
			"to": [16.75, 7.6, 1],
			"rotation": {"angle": 0, "axis": "y", "origin": [0, 0, 0]},
			"color": 4,
			"faces": {
				"north": {"uv": [2, 0, 3, 1], "texture": "#missing"},
				"east": {"uv": [2, 0, 3, 1], "texture": "#missing"},
				"south": {"uv": [2, 0, 3, 1], "texture": "#missing"},
				"west": {"uv": [2, 0, 3, 1], "texture": "#missing"},
				"up": {"uv": [2, 0, 3, 1], "texture": "#missing"},
				"down": {"uv": [2, 0, 3, 1], "texture": "#missing"}
			}
		},
		{
			"from": [-1.35, 1.5, 0],
			"to": [-0.35, 7.6, 1],
			"rotation": {"angle": 0, "axis": "y", "origin": [0, 0, 0]},
			"color": 4,
			"faces": {
				"north": {"uv": [2, 0, 3, 1], "texture": "#missing"},
				"east": {"uv": [2, 0, 3, 1], "texture": "#missing"},
				"south": {"uv": [2, 0, 3, 1], "texture": "#missing"},
				"west": {"uv": [2, 0, 3, 1], "texture": "#missing"},
				"up": {"uv": [2, 0, 3, 1], "texture": "#missing"},
				"down": {"uv": [2, 0, 3, 1], "texture": "#missing"}
			}
		},
		{
			"from": [-1.45, 7.35, -0.5],
			"to": [16.85, 8.2, 1.5],
			"rotation": {"angle": 0, "axis": "y", "origin": [0, 0, 0]},
			"color": 4,
			"faces": {
				"north": {"uv": [2, 0, 3, 1], "texture": "#missing"},
				"east": {"uv": [2, 0, 3, 1], "texture": "#missing"},
				"south": {"uv": [2, 0, 3, 1], "texture": "#missing"},
				"west": {"uv": [2, 0, 3, 1], "texture": "#missing"},
				"up": {"uv": [2, 0, 3, 1], "texture": "#missing"},
				"down": {"uv": [2, 0, 3, 1], "texture": "#missing"}
			}
		},
		{
			"from": [-1.1, 1.5, -1],
			"to": [-0.6, 6.2, 0],
			"rotation": {"angle": 0, "axis": "y", "origin": [0, 0, 0]},
			"faces": {
				"north": {"uv": [0, 10, 1, 11], "texture": "#0"},
				"east": {"uv": [0, 10, 1, 11], "texture": "#0"},
				"south": {"uv": [0, 10, 1, 11], "texture": "#0"},
				"west": {"uv": [0, 10, 1, 11], "texture": "#0"},
				"up": {"uv": [0, 10, 1, 11], "texture": "#0"},
				"down": {"uv": [0, 10, 1, 11], "texture": "#0"}
			}
		},
		{
			"from": [16, 1.5, -1],
			"to": [16.5, 6.2, 0],
			"rotation": {"angle": 0, "axis": "y", "origin": [0, 0, 0]},
			"faces": {
				"north": {"uv": [0, 10, 1, 11], "texture": "#0"},
				"east": {"uv": [0, 10, 1, 11], "texture": "#0"},
				"south": {"uv": [0, 10, 1, 11], "texture": "#0"},
				"west": {"uv": [0, 10, 1, 11], "texture": "#0"},
				"up": {"uv": [0, 10, 1, 11], "texture": "#0"},
				"down": {"uv": [0, 10, 1, 11], "texture": "#0"}
			}
		},
		{
			"from": [-1.1, 1.5, -2.25],
			"to": [-0.6, 4.7, -1],
			"rotation": {"angle": 0, "axis": "y", "origin": [0, 0, 0]},
			"faces": {
				"north": {"uv": [0, 10, 1, 11], "texture": "#0"},
				"east": {"uv": [0, 10, 1, 11], "texture": "#0"},
				"south": {"uv": [0, 10, 1, 11], "texture": "#0"},
				"west": {"uv": [0, 10, 1, 11], "texture": "#0"},
				"up": {"uv": [0, 10, 1, 11], "texture": "#0"},
				"down": {"uv": [0, 10, 1, 11], "texture": "#0"}
			}
		},
		{
			"from": [16, 1.5, -2.25],
			"to": [16.5, 4.7, -1],
			"rotation": {"angle": 0, "axis": "y", "origin": [0, 0, 0]},
			"faces": {
				"north": {"uv": [0, 10, 1, 11], "texture": "#0"},
				"east": {"uv": [0, 10, 1, 11], "texture": "#0"},
				"south": {"uv": [0, 10, 1, 11], "texture": "#0"},
				"west": {"uv": [0, 10, 1, 11], "texture": "#0"},
				"up": {"uv": [0, 10, 1, 11], "texture": "#0"},
				"down": {"uv": [0, 10, 1, 11], "texture": "#0"}
			}
		},
		{
			"from": [-1.1, 1.5, -3],
			"to": [-0.6, 2.95, -2.25],
			"rotation": {"angle": 0, "axis": "y", "origin": [0, 0, 0]},
			"faces": {
				"north": {"uv": [0, 10, 1, 11], "texture": "#0"},
				"east": {"uv": [0, 10, 1, 11], "texture": "#0"},
				"south": {"uv": [0, 10, 1, 11], "texture": "#0"},
				"west": {"uv": [0, 10, 1, 11], "texture": "#0"},
				"up": {"uv": [0, 10, 1, 11], "texture": "#0"},
				"down": {"uv": [0, 10, 1, 11], "texture": "#0"}
			}
		},
		{
			"from": [16, 1.5, -3],
			"to": [16.5, 2.95, -2.25],
			"rotation": {"angle": 0, "axis": "y", "origin": [0, 0, 0]},
			"faces": {
				"north": {"uv": [0, 10, 1, 11], "texture": "#0"},
				"east": {"uv": [0, 10, 1, 11], "texture": "#0"},
				"south": {"uv": [0, 10, 1, 11], "texture": "#0"},
				"west": {"uv": [0, 10, 1, 11], "texture": "#0"},
				"up": {"uv": [0, 10, 1, 11], "texture": "#0"},
				"down": {"uv": [0, 10, 1, 11], "texture": "#0"}
			}
		},
		{
			"from": [-1.4, -3.1686, -16],
			"to": [16.8, 1.0314, -1.1],
			"rotation": {"angle": 0, "axis": "x", "origin": [0, -1, 0]},
			"color": 4,
			"faces": {
				"north": {"uv": [0, 0, 1, 1], "texture": "#missing"},
				"east": {"uv": [0, 0, 1, 1], "texture": "#missing"},
				"south": {"uv": [0, 0, 1, 1], "texture": "#missing"},
				"west": {"uv": [0, 0, 1, 1], "texture": "#missing"},
				"up": {"uv": [0, 0, 1, 1], "texture": "#missing"},
				"down": {"uv": [0, 0, 1, 1], "texture": "#missing"}
			}
		},
		{
			"from": [-0.6, -2.1686, -2.94229],
			"to": [16, 2.0314, -0.49229],
			"rotation": {"angle": 0, "axis": "x", "origin": [0, 0, 14]},
			"color": 2,
			"faces": {
				"north": {"uv": [0, 0, 1, 1], "texture": "#missing"},
				"east": {"uv": [0, 0, 1, 1], "texture": "#missing"},
				"south": {"uv": [0, 0, 1, 1], "texture": "#missing"},
				"west": {"uv": [0, 0, 1, 1], "texture": "#missing"},
				"up": {"uv": [0, 0, 1, 1], "texture": "#missing"},
				"down": {"uv": [0, 0, 1, 1], "texture": "#missing"}
			}
		},
		{
			"from": [-0.6, -2.1686, -0.94229],
			"to": [16, -1.9686, 16.50771],
			"rotation": {"angle": 0, "axis": "x", "origin": [0, 0, 16]},
			"color": 2,
			"faces": {
				"north": {"uv": [0, 0, 1, 1], "texture": "#missing"},
				"east": {"uv": [0, 0, 1, 1], "texture": "#missing"},
				"south": {"uv": [0, 0, 1, 1], "texture": "#missing"},
				"west": {"uv": [0, 0, 1, 1], "texture": "#missing"},
				"up": {"uv": [0, 0, 1, 1], "texture": "#missing"},
				"down": {"uv": [0, 0, 1, 1], "texture": "#missing"}
			}
		},
		{
			"from": [-0.6, -2.1686, 8.05771],
			"to": [16, 5.0314, 10.50771],
			"rotation": {"angle": 0, "axis": "x", "origin": [0, 0, 25]},
			"color": 2,
			"faces": {
				"north": {"uv": [0, 0, 1, 1], "texture": "#missing"},
				"east": {"uv": [0, 0, 1, 1], "texture": "#missing"},
				"south": {"uv": [0, 0, 1, 1], "texture": "#missing"},
				"west": {"uv": [0, 0, 1, 1], "texture": "#missing"},
				"up": {"uv": [0, 0, 1, 1], "texture": "#missing"},
				"down": {"uv": [0, 0, 1, 1], "texture": "#missing"}
			}
		},
		{
			"from": [-0.6, -2.1686, 15.85771],
			"to": [16, 2.2814, 18.30771],
			"rotation": {"angle": 0, "axis": "x", "origin": [0, 0, 32.8]},
			"color": 2,
			"faces": {
				"north": {"uv": [0, 0, 1, 1], "texture": "#missing"},
				"east": {"uv": [0, 0, 1, 1], "texture": "#missing"},
				"south": {"uv": [0, 0, 1, 1], "texture": "#missing"},
				"west": {"uv": [0, 0, 1, 1], "texture": "#missing"},
				"up": {"uv": [0, 0, 1, 1], "texture": "#missing"},
				"down": {"uv": [0, 0, 1, 1], "texture": "#missing"}
			}
		},
		{
			"from": [0.15, 1.9814, 15.85771],
			"to": [15, 3.1814, 18.30771],
			"rotation": {"angle": 0, "axis": "x", "origin": [0, 4.15, 32.8]},
			"color": 2,
			"faces": {
				"north": {"uv": [0, 0, 1, 1], "texture": "#missing"},
				"east": {"uv": [0, 0, 1, 1], "texture": "#missing"},
				"south": {"uv": [0, 0, 1, 1], "texture": "#missing"},
				"west": {"uv": [0, 0, 1, 1], "texture": "#missing"},
				"up": {"uv": [0, 0, 1, 1], "texture": "#missing"},
				"down": {"uv": [0, 0, 1, 1], "texture": "#missing"}
			}
		},
		{
			"from": [0.15, 4.9314, 7.95771],
			"to": [6, 6.6314, 10.40771],
			"rotation": {"angle": 0, "axis": "x", "origin": [0, 7.1, 24.9]},
			"color": 2,
			"faces": {
				"north": {"uv": [0, 0, 1, 1], "texture": "#missing"},
				"east": {"uv": [0, 0, 1, 1], "texture": "#missing"},
				"south": {"uv": [0, 0, 1, 1], "texture": "#missing"},
				"west": {"uv": [0, 0, 1, 1], "texture": "#missing"},
				"up": {"uv": [0, 0, 1, 1], "texture": "#missing"},
				"down": {"uv": [0, 0, 1, 1], "texture": "#missing"}
			}
		},
		{
			"from": [9.4, 4.9314, 7.95771],
			"to": [15.25, 6.6314, 10.40771],
			"rotation": {"angle": 0, "axis": "x", "origin": [9.25, 7.1, 24.9]},
			"color": 2,
			"faces": {
				"north": {"uv": [0, 0, 1, 1], "texture": "#missing"},
				"east": {"uv": [0, 0, 1, 1], "texture": "#missing"},
				"south": {"uv": [0, 0, 1, 1], "texture": "#missing"},
				"west": {"uv": [0, 0, 1, 1], "texture": "#missing"},
				"up": {"uv": [0, 0, 1, 1], "texture": "#missing"},
				"down": {"uv": [0, 0, 1, 1], "texture": "#missing"}
			}
		},
		{
			"from": [6.9, 0.72584, -2.3559],
			"to": [8.5, 2.17584, 1.6441],
			"rotation": {"angle": -22.5, "axis": "x", "origin": [0, 0, 0]},
			"color": 6,
			"faces": {
				"north": {"uv": [3, 0, 4, 1], "texture": "#missing"},
				"east": {"uv": [3, 0, 4, 1], "texture": "#missing"},
				"south": {"uv": [3, 0, 4, 1], "texture": "#missing"},
				"west": {"uv": [3, 0, 4, 1], "texture": "#missing"},
				"up": {"uv": [3, 0, 4, 1], "texture": "#missing"},
				"down": {"uv": [3, 0, 4, 1], "texture": "#missing"}
			}
		},
		{
			"from": [5.4, 3.20681, 0.63977],
			"to": [10, 4.15681, 1.63977],
			"rotation": {"angle": -22.5, "axis": "x", "origin": [0, 0, 0]},
			"color": 6,
			"faces": {
				"north": {"uv": [0, 1, 1, 2], "texture": "#missing"},
				"east": {"uv": [0, 1, 1, 2], "texture": "#missing"},
				"south": {"uv": [0, 1, 1, 2], "texture": "#missing"},
				"west": {"uv": [0, 1, 1, 2], "texture": "#missing"},
				"up": {"uv": [0, 1, 1, 2], "texture": "#missing"},
				"down": {"uv": [0, 1, 1, 2], "texture": "#missing"}
			}
		},
		{
			"from": [5.4, -1.50513, 0.54843],
			"to": [10, -0.55513, 1.54843],
			"rotation": {"angle": -22.5, "axis": "x", "origin": [0, 0, 0]},
			"color": 6,
			"faces": {
				"north": {"uv": [0, 1, 1, 2], "texture": "#missing"},
				"east": {"uv": [0, 1, 1, 2], "texture": "#missing"},
				"south": {"uv": [0, 1, 1, 2], "texture": "#missing"},
				"west": {"uv": [0, 1, 1, 2], "texture": "#missing"},
				"up": {"uv": [0, 1, 1, 2], "texture": "#missing"},
				"down": {"uv": [0, 1, 1, 2], "texture": "#missing"}
			}
		},
		{
			"from": [9.65, -1.02416, 0.6441],
			"to": [10.5, 3.67584, 1.6441],
			"rotation": {"angle": -22.5, "axis": "x", "origin": [0, 0, 0]},
			"color": 6,
			"faces": {
				"north": {"uv": [0, 1, 1, 2], "texture": "#missing"},
				"east": {"uv": [0, 1, 1, 2], "texture": "#missing"},
				"south": {"uv": [0, 1, 1, 2], "texture": "#missing"},
				"west": {"uv": [0, 1, 1, 2], "texture": "#missing"},
				"up": {"uv": [0, 1, 1, 2], "texture": "#missing"},
				"down": {"uv": [0, 1, 1, 2], "texture": "#missing"}
			}
		},
		{
			"from": [4.9, -1.02416, 0.6441],
			"to": [5.75, 3.67584, 1.6441],
			"rotation": {"angle": -22.5, "axis": "x", "origin": [0, 0, 0]},
			"color": 6,
			"faces": {
				"north": {"uv": [0, 1, 1, 2], "texture": "#missing"},
				"east": {"uv": [0, 1, 1, 2], "texture": "#missing"},
				"south": {"uv": [0, 1, 1, 2], "texture": "#missing"},
				"west": {"uv": [0, 1, 1, 2], "texture": "#missing"},
				"up": {"uv": [0, 1, 1, 2], "texture": "#missing"},
				"down": {"uv": [0, 1, 1, 2], "texture": "#missing"}
			}
		},
		{
			"from": [5.4, 0.97584, 0.8941],
			"to": [10, 1.92584, 1.3941],
			"rotation": {"angle": -22.5, "axis": "x", "origin": [0, 0, 0]},
			"color": 6,
			"faces": {
				"north": {"uv": [2, 1, 3, 2], "texture": "#missing"},
				"east": {"uv": [2, 1, 3, 2], "texture": "#missing"},
				"south": {"uv": [2, 1, 3, 2], "texture": "#missing"},
				"west": {"uv": [2, 1, 3, 2], "texture": "#missing"},
				"up": {"uv": [2, 1, 3, 2], "texture": "#missing"},
				"down": {"uv": [2, 1, 3, 2], "texture": "#missing"}
			}
		},
		{
			"from": [7.15, -0.77416, 0.8941],
			"to": [8.25, 1.17584, 1.3941],
			"rotation": {"angle": -22.5, "axis": "x", "origin": [0, 0, 0]},
			"color": 6,
			"faces": {
				"north": {"uv": [2, 1, 3, 2], "texture": "#missing"},
				"east": {"uv": [2, 1, 3, 2], "texture": "#missing"},
				"south": {"uv": [2, 1, 3, 2], "texture": "#missing"},
				"west": {"uv": [2, 1, 3, 2], "texture": "#missing"},
				"up": {"uv": [2, 1, 3, 2], "texture": "#missing"},
				"down": {"uv": [2, 1, 3, 2], "texture": "#missing"}
			}
		},
		{
			"from": [-1.6, -5.51826, -16],
			"to": [17, -1.06826, -15.35],
			"rotation": {"angle": 0, "axis": "y", "origin": [0, 0, 0]},
			"faces": {
				"north": {"uv": [9.75, 5.75, 14.25, 7], "texture": "#0"},
				"east": {"uv": [11.75, 4.5, 12, 5.5], "texture": "#0"},
				"south": {"uv": [2, 0, 3, 1], "texture": "#missing"},
				"west": {"uv": [0, 1.75, 0.25, 2.75], "texture": "#0"},
				"up": {"uv": [2, 0, 3, 1], "texture": "#missing"},
				"down": {"uv": [2, 0, 3, 1], "texture": "#missing"}
			}
		},
		{
			"from": [-1.69924, -1.49132, -16],
			"to": [-0.99924, 0.70868, 31.75],
			"rotation": {"angle": 0, "axis": "z", "origin": [-1.34924, -0.39132, 6.875]},
			"faces": {
				"north": {"uv": [0, 0, 1, 1], "texture": "#missing"},
				"east": {"uv": [0, 0, 1, 1], "texture": "#missing"},
				"south": {"uv": [0, 0, 1, 1], "texture": "#missing"},
				"west": {"uv": [0, 0, 12, 1], "texture": "#0"},
				"up": {"uv": [0, 0, 12, 0.25], "texture": "#0"},
				"down": {"uv": [0, 0, 1, 1], "texture": "#missing"}
			}
		},
		{
			"from": [-1.70792, -3.60944, -16],
			"to": [-1.00792, -1.30944, 31.75],
			"rotation": {"angle": 0, "axis": "z", "origin": [-1.35792, -2.45944, 6.875]},
			"faces": {
				"north": {"uv": [0, 1, 0.25, 2], "texture": "#0"},
				"east": {"uv": [0, 0, 1, 1], "texture": "#missing"},
				"south": {"uv": [0, 0, 1, 1], "texture": "#missing"},
				"west": {"uv": [0, 1, 12, 2], "texture": "#0"},
				"up": {"uv": [0, 0, 1, 1], "texture": "#missing"},
				"down": {"uv": [0, 0, 1, 1], "texture": "#missing"}
			}
		},
		{
			"from": [16.43636, -3.58446, -16],
			"to": [17.13636, -1.38446, 31.75],
			"rotation": {"angle": 0, "axis": "z", "origin": [16.78636, -2.48446, 6.875]},
			"faces": {
				"north": {"uv": [11.75, 3.75, 12, 4.75], "texture": "#0"},
				"east": {"uv": [0, 3.75, 12, 4.75], "texture": "#0"},
				"south": {"uv": [0, 0, 1, 1], "texture": "#missing"},
				"west": {"uv": [0, 0, 1, 1], "texture": "#missing"},
				"up": {"uv": [0, 0, 1, 1], "texture": "#missing"},
				"down": {"uv": [0, 0, 1, 1], "texture": "#missing"}
			}
		},
		{
			"from": [16.39924, -1.49132, -16],
			"to": [17.09924, 0.70868, 31.75],
			"rotation": {"angle": 0, "axis": "z", "origin": [16.74924, -0.39132, 6.875]},
			"faces": {
				"north": {"uv": [0, 0, 1, 1], "texture": "#missing"},
				"east": {"uv": [0, 2.75, 12, 4], "texture": "#0"},
				"south": {"uv": [0, 0, 1, 1], "texture": "#missing"},
				"west": {"uv": [0, 0, 1, 1], "texture": "#missing"},
				"up": {"uv": [0, 2.75, 12, 3], "texture": "#0"},
				"down": {"uv": [0, 0, 1, 1], "texture": "#missing"}
			}
		},
		{
			"from": [-1.5, 0.39178, -16],
			"to": [16.9, 1.84178, -1.85],
			"rotation": {"angle": 0, "axis": "x", "origin": [0, -0.4, 0]},
			"faces": {
				"north": {"uv": [0, 5.5, 4.5, 5.75], "texture": "#0"},
				"east": {"uv": [0.25, 6.75, 0.5, 7.75], "texture": "#0"},
				"south": {"uv": [0, 0, 1, 1], "texture": "#missing"},
				"west": {"uv": [3.75, 6.75, 4, 7.75], "texture": "#0"},
				"up": {"uv": [0, 5.5, 4.5, 9], "texture": "#0"},
				"down": {"uv": [0, 0, 1, 1], "texture": "#missing"}
			}
		},
		{
			"from": [-1.85, -6.17625, -16],
			"to": [17.25, -5.42625, -15.4],
			"rotation": {"angle": 0, "axis": "y", "origin": [0, 0.25, 0]},
			"faces": {
				"north": {"uv": [4.5, 6, 9, 6.25], "texture": "#0"},
				"east": {"uv": [8.75, 6, 9, 6.25], "texture": "#0"},
				"south": {"uv": [4.5, 6, 9, 6.25], "texture": "#0"},
				"west": {"uv": [8.75, 6, 9, 6.25], "texture": "#0"},
				"up": {"uv": [4.5, 6, 9, 6.25], "texture": "#0"},
				"down": {"uv": [4.5, 6, 9, 6.25], "texture": "#0"}
			}
		},
		{
			"from": [-1.85, -11.36747, -11.39417],
			"to": [17.25, -7.51747, -10.64417],
			"rotation": {"angle": 22.5, "axis": "x", "origin": [0, 0, 0]},
			"faces": {
				"north": {"uv": [4.75, 5.5, 6, 5.75], "texture": "#0"},
				"east": {"uv": [4.75, 5.5, 6, 5.75], "texture": "#0"},
				"south": {"uv": [4.75, 5.5, 6, 5.75], "texture": "#0"},
				"west": {"uv": [4.75, 5.5, 6, 5.75], "texture": "#0"},
				"up": {"uv": [4.75, 5.5, 6, 5.75], "texture": "#0"},
				"down": {"uv": [4.75, 5.5, 6, 5.75], "texture": "#0"}
			}
		},
		{
			"from": [-1.85, -1.79091, 14.91723],
			"to": [17.25, 2.05909, 15.66723],
			"rotation": {"angle": 22.5, "axis": "x", "origin": [0, 0, 0]},
			"faces": {
				"north": {"uv": [4.75, 5.5, 6, 5.75], "texture": "#0"},
				"east": {"uv": [4.75, 5.5, 6, 5.75], "texture": "#0"},
				"south": {"uv": [4.75, 5.5, 6, 5.75], "texture": "#0"},
				"west": {"uv": [4.75, 5.5, 6, 5.75], "texture": "#0"},
				"up": {"uv": [4.75, 5.5, 6, 5.75], "texture": "#0"},
				"down": {"uv": [4.75, 5.5, 6, 5.75], "texture": "#0"}
			}
		},
		{
			"from": [-1.85, -13.5893, 16.7486],
			"to": [17.25, -9.7393, 17.4986],
			"rotation": {"angle": -22.5, "axis": "x", "origin": [0, 0, 0]},
			"faces": {
				"north": {"uv": [4.75, 5.5, 6, 5.75], "texture": "#0"},
				"east": {"uv": [4.75, 5.5, 6, 5.75], "texture": "#0"},
				"south": {"uv": [4.75, 5.5, 6, 5.75], "texture": "#0"},
				"west": {"uv": [4.75, 5.5, 6, 5.75], "texture": "#0"},
				"up": {"uv": [4.75, 5.5, 6, 5.75], "texture": "#0"},
				"down": {"uv": [4.75, 5.5, 6, 5.75], "texture": "#0"}
			}
		},
		{
			"from": [-1.85, -4.01274, -9.56279],
			"to": [17.25, -0.16274, -8.81279],
			"rotation": {"angle": -22.5, "axis": "x", "origin": [0, 0, 0]},
			"faces": {
				"north": {"uv": [4.75, 5.5, 6, 5.75], "texture": "#0"},
				"east": {"uv": [4.75, 5.5, 6, 5.75], "texture": "#0"},
				"south": {"uv": [4.75, 5.5, 6, 5.75], "texture": "#0"},
				"west": {"uv": [4.75, 5.5, 6, 5.75], "texture": "#0"},
				"up": {"uv": [4.75, 5.5, 6, 5.75], "texture": "#0"},
				"down": {"uv": [4.75, 5.5, 6, 5.75], "texture": "#0"}
			}
		},
		{
			"from": [-1.85, -13.1769, 3.09671],
			"to": [17.25, -8.3269, 3.84671],
			"rotation": {"angle": 45, "axis": "x", "origin": [0, 0, 0]},
			"faces": {
				"north": {"uv": [4.75, 5.5, 6, 5.75], "texture": "#0"},
				"east": {"uv": [4.75, 5.5, 6, 5.75], "texture": "#0"},
				"south": {"uv": [4.75, 5.5, 6, 5.75], "texture": "#0"},
				"west": {"uv": [4.75, 5.5, 6, 5.75], "texture": "#0"},
				"up": {"uv": [4.75, 5.5, 6, 5.75], "texture": "#0"},
				"down": {"uv": [4.75, 5.5, 6, 5.75], "texture": "#0"}
			}
		},
		{
			"from": [-1.85, 14.8231, 3.09671],
			"to": [17.25, 19.6731, 3.84671],
			"rotation": {"angle": 45, "axis": "x", "origin": [0, 0, 0]},
			"faces": {
				"north": {"uv": [4.75, 5.5, 6, 5.75], "texture": "#0"},
				"east": {"uv": [4.75, 5.5, 6, 5.75], "texture": "#0"},
				"south": {"uv": [4.75, 5.5, 6, 5.75], "texture": "#0"},
				"west": {"uv": [4.75, 5.5, 6, 5.75], "texture": "#0"},
				"up": {"uv": [4.75, 5.5, 6, 5.75], "texture": "#0"},
				"down": {"uv": [4.75, 5.5, 6, 5.75], "texture": "#0"}
			}
		},
		{
			"from": [-1.85, -7.1769, 6.09671],
			"to": [17.25, 13.6731, 6.84671],
			"rotation": {"angle": 45, "axis": "x", "origin": [0, 0, 0]},
			"faces": {
				"north": {"uv": [4.75, 5.5, 6, 5.75], "texture": "#0"},
				"east": {"uv": [4.75, 5.5, 6, 5.75], "texture": "#0"},
				"south": {"uv": [4.75, 5.5, 6, 5.75], "texture": "#0"},
				"west": {"uv": [4.75, 5.5, 6, 5.75], "texture": "#0"},
				"up": {"uv": [4.75, 5.5, 6, 5.75], "texture": "#0"},
				"down": {"uv": [4.75, 5.5, 6, 5.75], "texture": "#0"}
			}
		},
		{
			"from": [-1.85, 4.8231, 22.09671],
			"to": [17.25, 13.6731, 22.84671],
			"rotation": {"angle": 45, "axis": "x", "origin": [0, 0, 16]},
			"faces": {
				"north": {"uv": [4.75, 5.5, 6, 5.75], "texture": "#0"},
				"east": {"uv": [4.75, 5.5, 6, 5.75], "texture": "#0"},
				"south": {"uv": [4.75, 5.5, 6, 5.75], "texture": "#0"},
				"west": {"uv": [4.75, 5.5, 6, 5.75], "texture": "#0"},
				"up": {"uv": [4.75, 5.5, 6, 5.75], "texture": "#0"},
				"down": {"uv": [4.75, 5.5, 6, 5.75], "texture": "#0"}
			}
		},
		{
			"from": [-2.35, -2.1769, 5.99671],
			"to": [17.75, 12.6731, 6.94671],
			"rotation": {"angle": 45, "axis": "x", "origin": [0, 0, 0]},
			"faces": {
				"north": {"uv": [4.75, 5.5, 6, 5.75], "texture": "#0"},
				"east": {"uv": [4.75, 5.5, 6, 5.75], "texture": "#0"},
				"south": {"uv": [4.75, 5.5, 6, 5.75], "texture": "#0"},
				"west": {"uv": [4.75, 5.5, 6, 5.75], "texture": "#0"},
				"up": {"uv": [4.75, 5.5, 6, 5.75], "texture": "#0"},
				"down": {"uv": [4.75, 5.5, 6, 5.75], "texture": "#0"}
			}
		},
		{
			"from": [-1.85, -16, 6.09671],
			"to": [17.25, -13.35, 6.84671],
			"rotation": {"angle": 45, "axis": "x", "origin": [0, 0, 0]},
			"faces": {
				"north": {"uv": [4.75, 5.5, 6, 5.75], "texture": "#0"},
				"east": {"uv": [4.75, 5.5, 6, 5.75], "texture": "#0"},
				"south": {"uv": [4.75, 5.5, 6, 5.75], "texture": "#0"},
				"west": {"uv": [4.75, 5.5, 6, 5.75], "texture": "#0"},
				"up": {"uv": [4.75, 5.5, 6, 5.75], "texture": "#0"},
				"down": {"uv": [4.75, 5.5, 6, 5.75], "texture": "#0"}
			}
		},
		{
			"from": [-1.71053, -0.27001, -16],
			"to": [-1.21053, 0.22999, -15.75],
			"rotation": {"angle": 0, "axis": "y", "origin": [0, 0.25, 0]},
			"faces": {
				"north": {"uv": [8.75, 6, 9, 6.25], "texture": "#0"},
				"east": {"uv": [8.75, 6, 9, 6.25], "texture": "#0"},
				"south": {"uv": [8.75, 6, 9, 6.25], "texture": "#0"},
				"west": {"uv": [8.75, 6, 9, 6.25], "texture": "#0"},
				"up": {"uv": [8.75, 6, 9, 6.25], "texture": "#0"},
				"down": {"uv": [8.75, 6, 9, 6.25], "texture": "#0"}
			}
		},
		{
			"from": [16.17897, -4.30759, -16],
			"to": [16.67897, -3.70759, -15.75],
			"rotation": {"angle": 0, "axis": "y", "origin": [0, 0.25, 0]},
			"faces": {
				"north": {"uv": [8.75, 6, 9, 6.25], "texture": "#0"},
				"east": {"uv": [8.75, 6, 9, 6.25], "texture": "#0"},
				"south": {"uv": [8.75, 6, 9, 6.25], "texture": "#0"},
				"west": {"uv": [8.75, 6, 9, 6.25], "texture": "#0"},
				"up": {"uv": [8.75, 6, 9, 6.25], "texture": "#0"},
				"down": {"uv": [8.75, 6, 9, 6.25], "texture": "#0"}
			}
		},
		{
			"from": [-1.5, 6.2282, 29.28013],
			"to": [16.9, 6.6282, 30.63013],
			"rotation": {"angle": 0, "axis": "y", "origin": [0, 0, 0]},
			"color": 4,
			"faces": {
				"north": {"uv": [2, 0, 3, 1], "texture": "#missing"},
				"east": {"uv": [2, 0, 3, 1], "texture": "#missing"},
				"south": {"uv": [2, 0, 3, 1], "texture": "#missing"},
				"west": {"uv": [2, 0, 3, 1], "texture": "#missing"},
				"up": {"uv": [2, 0, 3, 1], "texture": "#missing"},
				"down": {"uv": [2, 0, 3, 1], "texture": "#missing"}
			}
		},
		{
			"from": [-1.6, -9.95645, 29.08146],
			"to": [17, -7.90645, 29.83146],
			"rotation": {"angle": 0, "axis": "y", "origin": [0, 0, 0]},
			"color": 4,
			"faces": {
				"north": {"uv": [2, 0, 3, 1], "texture": "#missing"},
				"east": {"uv": [2, 0, 3, 1], "texture": "#missing"},
				"south": {"uv": [2, 0, 3, 1], "texture": "#missing"},
				"west": {"uv": [2, 0, 3, 1], "texture": "#missing"},
				"up": {"uv": [2, 0, 3, 1], "texture": "#missing"},
				"down": {"uv": [2, 0, 3, 1], "texture": "#missing"}
			}
		},
		{
			"from": [-1.5, 5.03823, 16.68937],
			"to": [16.9, 6.68823, 19.88937],
			"rotation": {"angle": 22.5, "axis": "x", "origin": [0, 0, 0]},
			"color": 4,
			"faces": {
				"north": {"uv": [2, 0, 3, 1], "texture": "#missing"},
				"east": {"uv": [2, 0, 3, 1], "texture": "#missing"},
				"south": {"uv": [2, 0, 3, 1], "texture": "#missing"},
				"west": {"uv": [2, 0, 3, 1], "texture": "#missing"},
				"up": {"uv": [2, 0, 3, 1], "texture": "#missing"},
				"down": {"uv": [2, 0, 3, 1], "texture": "#missing"}
			}
		},
		{
			"from": [-1.35, -1.22777, -4.52268],
			"to": [-0.35, 6.52223, -3.52268],
			"rotation": {"angle": 45, "axis": "x", "origin": [0, 0, 0]},
			"color": 4,
			"faces": {
				"north": {"uv": [2, 0, 3, 1], "texture": "#missing"},
				"east": {"uv": [2, 0, 3, 1], "texture": "#missing"},
				"south": {"uv": [2, 0, 3, 1], "texture": "#missing"},
				"west": {"uv": [2, 0, 3, 1], "texture": "#missing"},
				"up": {"uv": [2, 0, 3, 1], "texture": "#missing"},
				"down": {"uv": [2, 0, 3, 1], "texture": "#missing"}
			}
		},
		{
			"from": [15.75, -1.22777, -4.52268],
			"to": [16.75, 6.52223, -3.52268],
			"rotation": {"angle": 45, "axis": "x", "origin": [0, 0, 0]},
			"color": 4,
			"faces": {
				"north": {"uv": [2, 0, 3, 1], "texture": "#missing"},
				"east": {"uv": [2, 0, 3, 1], "texture": "#missing"},
				"south": {"uv": [2, 0, 3, 1], "texture": "#missing"},
				"west": {"uv": [2, 0, 3, 1], "texture": "#missing"},
				"up": {"uv": [2, 0, 3, 1], "texture": "#missing"},
				"down": {"uv": [2, 0, 3, 1], "texture": "#missing"}
			}
		},
		{
			"from": [-0.35, -1.22777, -4.27268],
			"to": [15.75, 6.72223, -3.77268],
			"rotation": {"angle": 45, "axis": "x", "origin": [0, 0, 0]},
			"faces": {
				"north": {"uv": [0, 9, 4, 11], "texture": "#0"},
				"east": {"uv": [2, 0, 3, 1], "texture": "#missing"},
				"south": {"uv": [0, 9, 4, 11], "texture": "#0"},
				"west": {"uv": [2, 0, 3, 1], "texture": "#missing"},
				"up": {"uv": [0, 9, 4, 9.25], "texture": "#0"},
				"down": {"uv": [2, 0, 3, 1], "texture": "#missing"}
			}
		},
		{
			"from": [-3.5, 1.2, 9.65],
			"to": [-1, 2.35, 11.35],
			"rotation": {"angle": -45, "axis": "x", "origin": [0, 0, 0]},
			"color": 3,
			"faces": {
				"north": {"uv": [0, 0, 3, 1], "texture": "#missing"},
				"east": {"uv": [0, 0, 2, 1], "texture": "#missing"},
				"south": {"uv": [0, 0, 3, 1], "texture": "#missing"},
				"west": {"uv": [0, 0, 2, 1], "texture": "#missing"},
				"up": {"uv": [0, 0, 3, 2], "texture": "#missing"},
				"down": {"uv": [0, 0, 3, 2], "texture": "#missing"}
			}
		},
		{
			"from": [-3.25, -2.65, 8.2],
			"to": [-1, 1.65, 12.7],
			"rotation": {"angle": -45, "axis": "x", "origin": [0, -2.5, 0]},
			"color": 5,
			"faces": {
				"north": {"uv": [0, 0, 3, 1], "texture": "#missing"},
				"east": {"uv": [0, 0, 2, 1], "texture": "#missing"},
				"south": {"uv": [0, 0, 3, 1], "texture": "#missing"},
				"west": {"uv": [0, 0, 2, 1], "texture": "#missing"},
				"up": {"uv": [0, 0, 3, 2], "texture": "#missing"},
				"down": {"uv": [0, 0, 3, 2], "texture": "#missing"}
			}
		},
		{
			"from": [-3.25, -2.65, 27.5],
			"to": [-1, 1.65, 32],
			"rotation": {"angle": -45, "axis": "x", "origin": [0, -2.5, 28]},
			"color": 5,
			"faces": {
				"north": {"uv": [0, 0, 3, 1], "texture": "#missing"},
				"east": {"uv": [0, 0, 2, 1], "texture": "#missing"},
				"south": {"uv": [0, 0, 3, 1], "texture": "#missing"},
				"west": {"uv": [0, 0, 2, 1], "texture": "#missing"},
				"up": {"uv": [0, 0, 3, 2], "texture": "#missing"},
				"down": {"uv": [0, 0, 3, 2], "texture": "#missing"}
			}
		},
		{
			"from": [-3.5, 5.85215, 6.55224],
			"to": [-1, 7.10215, 7.80224],
			"rotation": {"angle": -45, "axis": "x", "origin": [0, 0, 0]},
			"color": 3,
			"faces": {
				"north": {"uv": [0, 0, 3, 1], "texture": "#missing"},
				"east": {"uv": [0, 0, 2, 1], "texture": "#missing"},
				"south": {"uv": [0, 0, 3, 1], "texture": "#missing"},
				"west": {"uv": [0, 0, 2, 1], "texture": "#missing"},
				"up": {"uv": [0, 0, 3, 2], "texture": "#missing"},
				"down": {"uv": [0, 0, 3, 2], "texture": "#missing"}
			}
		},
		{
			"from": [-3.5, 7.37817, 3.49264],
			"to": [-1, 8.52817, 4.99264],
			"rotation": {"angle": -45, "axis": "x", "origin": [0, 0, 0]},
			"color": 3,
			"faces": {
				"north": {"uv": [0, 0, 3, 1], "texture": "#missing"},
				"east": {"uv": [0, 0, 2, 1], "texture": "#missing"},
				"south": {"uv": [0, 0, 3, 1], "texture": "#missing"},
				"west": {"uv": [0, 0, 2, 1], "texture": "#missing"},
				"up": {"uv": [0, 0, 3, 2], "texture": "#missing"},
				"down": {"uv": [0, 0, 3, 2], "texture": "#missing"}
			}
		},
		{
			"from": [-3.5, 8.0483, 0.39391],
			"to": [-1, 9.2983, 1.64391],
			"rotation": {"angle": -45, "axis": "x", "origin": [0, 0, 0]},
			"color": 3,
			"faces": {
				"north": {"uv": [0, 0, 3, 1], "texture": "#missing"},
				"east": {"uv": [0, 0, 2, 1], "texture": "#missing"},
				"south": {"uv": [0, 0, 3, 1], "texture": "#missing"},
				"west": {"uv": [0, 0, 2, 1], "texture": "#missing"},
				"up": {"uv": [0, 0, 3, 2], "texture": "#missing"},
				"down": {"uv": [0, 0, 3, 2], "texture": "#missing"}
			}
		},
		{
			"from": [-3.5, 7.2, -5.35],
			"to": [-1, 8.35, -3.65],
			"rotation": {"angle": -45, "axis": "x", "origin": [0, 0, 0]},
			"color": 3,
			"faces": {
				"north": {"uv": [0, 0, 3, 1], "texture": "#missing"},
				"east": {"uv": [0, 0, 2, 1], "texture": "#missing"},
				"south": {"uv": [0, 0, 3, 1], "texture": "#missing"},
				"west": {"uv": [0, 0, 2, 1], "texture": "#missing"},
				"up": {"uv": [0, 0, 3, 2], "texture": "#missing"},
				"down": {"uv": [0, 0, 3, 2], "texture": "#missing"}
			}
		},
		{
			"from": [-3.5, 3.5483, -9.43814],
			"to": [-1, 4.7983, -8.18814],
			"rotation": {"angle": -45, "axis": "x", "origin": [0, 0, 0]},
			"color": 3,
			"faces": {
				"north": {"uv": [0, 0, 3, 1], "texture": "#missing"},
				"east": {"uv": [0, 0, 2, 1], "texture": "#missing"},
				"south": {"uv": [0, 0, 3, 1], "texture": "#missing"},
				"west": {"uv": [0, 0, 2, 1], "texture": "#missing"},
				"up": {"uv": [0, 0, 3, 2], "texture": "#missing"},
				"down": {"uv": [0, 0, 3, 2], "texture": "#missing"}
			}
		},
		{
			"from": [-3.5, 1.01421, -11.3566],
			"to": [-1, 2.16421, -9.8566],
			"rotation": {"angle": -45, "axis": "x", "origin": [0, 0, 0]},
			"color": 3,
			"faces": {
				"north": {"uv": [0, 0, 3, 1], "texture": "#missing"},
				"east": {"uv": [0, 0, 2, 1], "texture": "#missing"},
				"south": {"uv": [0, 0, 3, 1], "texture": "#missing"},
				"west": {"uv": [0, 0, 2, 1], "texture": "#missing"},
				"up": {"uv": [0, 0, 3, 2], "texture": "#missing"},
				"down": {"uv": [0, 0, 3, 2], "texture": "#missing"}
			}
		},
		{
			"from": [-3.5, -1.94208, -12.30224],
			"to": [-1, -0.69208, -11.05224],
			"rotation": {"angle": -22.5, "axis": "x", "origin": [0, 0, 0]},
			"color": 3,
			"faces": {
				"north": {"uv": [0, 0, 3, 1], "texture": "#missing"},
				"east": {"uv": [0, 0, 2, 1], "texture": "#missing"},
				"south": {"uv": [0, 0, 3, 1], "texture": "#missing"},
				"west": {"uv": [0, 0, 2, 1], "texture": "#missing"},
				"up": {"uv": [0, 0, 3, 2], "texture": "#missing"},
				"down": {"uv": [0, 0, 3, 2], "texture": "#missing"}
			}
		},
		{
			"from": [-3.5, -7.8, -11.35],
			"to": [-1, -6.65, -9.65],
			"rotation": {"angle": 0, "axis": "y", "origin": [0, 0, 0]},
			"color": 3,
			"faces": {
				"north": {"uv": [0, 0, 3, 1], "texture": "#missing"},
				"east": {"uv": [0, 0, 2, 1], "texture": "#missing"},
				"south": {"uv": [0, 0, 3, 1], "texture": "#missing"},
				"west": {"uv": [0, 0, 2, 1], "texture": "#missing"},
				"up": {"uv": [0, 0, 3, 2], "texture": "#missing"},
				"down": {"uv": [0, 0, 3, 2], "texture": "#missing"}
			}
		},
		{
			"from": [-3.5, -12.44208, -7.13429],
			"to": [-1, -11.19208, -5.88429],
			"rotation": {"angle": 22.5, "axis": "x", "origin": [0, 0, 0]},
			"color": 3,
			"faces": {
				"north": {"uv": [0, 0, 3, 1], "texture": "#missing"},
				"east": {"uv": [0, 0, 2, 1], "texture": "#missing"},
				"south": {"uv": [0, 0, 3, 1], "texture": "#missing"},
				"west": {"uv": [0, 0, 2, 1], "texture": "#missing"},
				"up": {"uv": [0, 0, 3, 2], "texture": "#missing"},
				"down": {"uv": [0, 0, 3, 2], "texture": "#missing"}
			}
		},
		{
			"from": [-3.5, -13.83503, -4.99264],
			"to": [-1, -12.68503, -3.49264],
			"rotation": {"angle": 45, "axis": "x", "origin": [0, 0, 0]},
			"color": 3,
			"faces": {
				"north": {"uv": [0, 0, 3, 1], "texture": "#missing"},
				"east": {"uv": [0, 0, 2, 1], "texture": "#missing"},
				"south": {"uv": [0, 0, 3, 1], "texture": "#missing"},
				"west": {"uv": [0, 0, 2, 1], "texture": "#missing"},
				"up": {"uv": [0, 0, 3, 2], "texture": "#missing"},
				"down": {"uv": [0, 0, 3, 2], "texture": "#missing"}
			}
		},
		{
			"from": [-3.5, -14.63823, -2.31186],
			"to": [-1, -13.38823, -1.06186],
			"rotation": {"angle": 45, "axis": "x", "origin": [0, 0, 0]},
			"color": 3,
			"faces": {
				"north": {"uv": [0, 0, 3, 1], "texture": "#missing"},
				"east": {"uv": [0, 0, 2, 1], "texture": "#missing"},
				"south": {"uv": [0, 0, 3, 1], "texture": "#missing"},
				"west": {"uv": [0, 0, 2, 1], "texture": "#missing"},
				"up": {"uv": [0, 0, 3, 2], "texture": "#missing"},
				"down": {"uv": [0, 0, 3, 2], "texture": "#missing"}
			}
		},
		{
			"from": [-3.5, -13.8, 3.65],
			"to": [-1, -12.65, 5.35],
			"rotation": {"angle": 45, "axis": "x", "origin": [0, 0, 0]},
			"color": 3,
			"faces": {
				"north": {"uv": [0, 0, 3, 1], "texture": "#missing"},
				"east": {"uv": [0, 0, 2, 1], "texture": "#missing"},
				"south": {"uv": [0, 0, 3, 1], "texture": "#missing"},
				"west": {"uv": [0, 0, 2, 1], "texture": "#missing"},
				"up": {"uv": [0, 0, 3, 2], "texture": "#missing"},
				"down": {"uv": [0, 0, 3, 2], "texture": "#missing"}
			}
		},
		{
			"from": [-3.5, -10.13823, 8.85609],
			"to": [-1, -8.88823, 10.10609],
			"rotation": {"angle": 45, "axis": "x", "origin": [0, 0, 0]},
			"color": 3,
			"faces": {
				"north": {"uv": [0, 0, 3, 1], "texture": "#missing"},
				"east": {"uv": [0, 0, 2, 1], "texture": "#missing"},
				"south": {"uv": [0, 0, 3, 1], "texture": "#missing"},
				"west": {"uv": [0, 0, 2, 1], "texture": "#missing"},
				"up": {"uv": [0, 0, 3, 2], "texture": "#missing"},
				"down": {"uv": [0, 0, 3, 2], "texture": "#missing"}
			}
		},
		{
			"from": [-3.5, -7.47107, 9.8566],
			"to": [-1, -6.32107, 11.3566],
			"rotation": {"angle": 45, "axis": "x", "origin": [0, 0, 0]},
			"color": 3,
			"faces": {
				"north": {"uv": [0, 0, 3, 1], "texture": "#missing"},
				"east": {"uv": [0, 0, 2, 1], "texture": "#missing"},
				"south": {"uv": [0, 0, 3, 1], "texture": "#missing"},
				"west": {"uv": [0, 0, 2, 1], "texture": "#missing"},
				"up": {"uv": [0, 0, 3, 2], "texture": "#missing"},
				"down": {"uv": [0, 0, 3, 2], "texture": "#missing"}
			}
		},
		{
			"from": [-3.5, -4.64785, 10.38429],
			"to": [-1, -3.39785, 11.63429],
			"rotation": {"angle": 45, "axis": "x", "origin": [0, 0, 0]},
			"color": 3,
			"faces": {
				"north": {"uv": [0, 0, 3, 1], "texture": "#missing"},
				"east": {"uv": [0, 0, 2, 1], "texture": "#missing"},
				"south": {"uv": [0, 0, 3, 1], "texture": "#missing"},
				"west": {"uv": [0, 0, 2, 1], "texture": "#missing"},
				"up": {"uv": [0, 0, 3, 2], "texture": "#missing"},
				"down": {"uv": [0, 0, 3, 2], "texture": "#missing"}
			}
		},
		{
			"from": [-3.5, 1.2, -16],
			"to": [-1, 2.35, -14.3],
			"rotation": {"angle": -45, "axis": "x", "origin": [0, 0, 0]},
			"color": 3,
			"faces": {
				"north": {"uv": [0, 0, 3, 1], "texture": "#missing"},
				"east": {"uv": [0, 0, 2, 1], "texture": "#missing"},
				"south": {"uv": [0, 0, 3, 1], "texture": "#missing"},
				"west": {"uv": [0, 0, 2, 1], "texture": "#missing"},
				"up": {"uv": [0, 0, 3, 2], "texture": "#missing"},
				"down": {"uv": [0, 0, 3, 2], "texture": "#missing"}
			}
		},
		{
			"from": [-3.5, -8.14785, -16],
			"to": [-1, -6.89785, -14.75],
			"rotation": {"angle": -45, "axis": "x", "origin": [0, 0, 0]},
			"color": 3,
			"faces": {
				"north": {"uv": [0, 0, 3, 1], "texture": "#missing"},
				"east": {"uv": [0, 0, 2, 1], "texture": "#missing"},
				"south": {"uv": [0, 0, 3, 1], "texture": "#missing"},
				"west": {"uv": [0, 0, 2, 1], "texture": "#missing"},
				"up": {"uv": [0, 0, 3, 2], "texture": "#missing"},
				"down": {"uv": [0, 0, 3, 2], "texture": "#missing"}
			}
		},
		{
			"from": [-3.5, -12.42082, -16],
			"to": [-1, -11.27082, -14.5],
			"rotation": {"angle": -45, "axis": "x", "origin": [0, 0, 0]},
			"color": 3,
			"faces": {
				"north": {"uv": [0, 0, 3, 1], "texture": "#missing"},
				"east": {"uv": [0, 0, 2, 1], "texture": "#missing"},
				"south": {"uv": [0, 0, 3, 1], "texture": "#missing"},
				"west": {"uv": [0, 0, 2, 1], "texture": "#missing"},
				"up": {"uv": [0, 0, 3, 2], "texture": "#missing"},
				"down": {"uv": [0, 0, 3, 2], "texture": "#missing"}
			}
		},
		{
			"from": [-3.5, -16, -13.60609],
			"to": [-1, -14.75, -12.35609],
			"rotation": {"angle": -45, "axis": "x", "origin": [0, 0, 0]},
			"color": 3,
			"faces": {
				"north": {"uv": [0, 0, 3, 1], "texture": "#missing"},
				"east": {"uv": [0, 0, 2, 1], "texture": "#missing"},
				"south": {"uv": [0, 0, 3, 1], "texture": "#missing"},
				"west": {"uv": [0, 0, 2, 1], "texture": "#missing"},
				"up": {"uv": [0, 0, 3, 2], "texture": "#missing"},
				"down": {"uv": [0, 0, 3, 2], "texture": "#missing"}
			}
		},
		{
			"from": [-3.5, -16, -5.35],
			"to": [-1, -14.85, -3.65],
			"rotation": {"angle": -45, "axis": "x", "origin": [0, 0, 0]},
			"color": 3,
			"faces": {
				"north": {"uv": [0, 0, 3, 1], "texture": "#missing"},
				"east": {"uv": [0, 0, 2, 1], "texture": "#missing"},
				"south": {"uv": [0, 0, 3, 1], "texture": "#missing"},
				"west": {"uv": [0, 0, 2, 1], "texture": "#missing"},
				"up": {"uv": [0, 0, 3, 2], "texture": "#missing"},
				"down": {"uv": [0, 0, 3, 2], "texture": "#missing"}
			}
		},
		{
			"from": [-3.5, -16, 4.56186],
			"to": [-1, -14.75, 5.81186],
			"rotation": {"angle": -45, "axis": "x", "origin": [0, 0, 0]},
			"color": 3,
			"faces": {
				"north": {"uv": [0, 0, 3, 1], "texture": "#missing"},
				"east": {"uv": [0, 0, 2, 1], "texture": "#missing"},
				"south": {"uv": [0, 0, 3, 1], "texture": "#missing"},
				"west": {"uv": [0, 0, 2, 1], "texture": "#missing"},
				"up": {"uv": [0, 0, 3, 2], "texture": "#missing"},
				"down": {"uv": [0, 0, 3, 2], "texture": "#missing"}
			}
		},
		{
			"from": [-3.5, -16, 8.44239],
			"to": [-1, -14.85, 9.94239],
			"rotation": {"angle": -45, "axis": "x", "origin": [0, 0, 0]},
			"color": 3,
			"faces": {
				"north": {"uv": [0, 0, 3, 1], "texture": "#missing"},
				"east": {"uv": [0, 0, 2, 1], "texture": "#missing"},
				"south": {"uv": [0, 0, 3, 1], "texture": "#missing"},
				"west": {"uv": [0, 0, 2, 1], "texture": "#missing"},
				"up": {"uv": [0, 0, 3, 2], "texture": "#missing"},
				"down": {"uv": [0, 0, 3, 2], "texture": "#missing"}
			}
		},
		{
			"from": [-3.5, -15.94208, 11.94647],
			"to": [-1, -14.69208, 13.19647],
			"rotation": {"angle": -22.5, "axis": "x", "origin": [0, 0, 0]},
			"color": 3,
			"faces": {
				"north": {"uv": [0, 0, 3, 1], "texture": "#missing"},
				"east": {"uv": [0, 0, 2, 1], "texture": "#missing"},
				"south": {"uv": [0, 0, 3, 1], "texture": "#missing"},
				"west": {"uv": [0, 0, 2, 1], "texture": "#missing"},
				"up": {"uv": [0, 0, 3, 2], "texture": "#missing"},
				"down": {"uv": [0, 0, 3, 2], "texture": "#missing"}
			}
		},
		{
			"from": [-3.5, -7.8, 16.65],
			"to": [-1, -6.65, 18.35],
			"rotation": {"angle": 0, "axis": "y", "origin": [0, 0, 0]},
			"color": 3,
			"faces": {
				"north": {"uv": [0, 0, 3, 1], "texture": "#missing"},
				"east": {"uv": [0, 0, 2, 1], "texture": "#missing"},
				"south": {"uv": [0, 0, 3, 1], "texture": "#missing"},
				"west": {"uv": [0, 0, 2, 1], "texture": "#missing"},
				"up": {"uv": [0, 0, 3, 2], "texture": "#missing"},
				"down": {"uv": [0, 0, 3, 2], "texture": "#missing"}
			}
		},
		{
			"from": [-3.5, 1.55792, 17.11442],
			"to": [-1, 2.80792, 18.36442],
			"rotation": {"angle": 22.5, "axis": "x", "origin": [0, 0, 0]},
			"color": 3,
			"faces": {
				"north": {"uv": [0, 0, 3, 1], "texture": "#missing"},
				"east": {"uv": [0, 0, 2, 1], "texture": "#missing"},
				"south": {"uv": [0, 0, 3, 1], "texture": "#missing"},
				"west": {"uv": [0, 0, 2, 1], "texture": "#missing"},
				"up": {"uv": [0, 0, 3, 2], "texture": "#missing"},
				"down": {"uv": [0, 0, 3, 2], "texture": "#missing"}
			}
		},
		{
			"from": [-3.5, 5.96396, 14.80635],
			"to": [-1, 7.11396, 16.30635],
			"rotation": {"angle": 45, "axis": "x", "origin": [0, 0, 0]},
			"color": 3,
			"faces": {
				"north": {"uv": [0, 0, 3, 1], "texture": "#missing"},
				"east": {"uv": [0, 0, 2, 1], "texture": "#missing"},
				"south": {"uv": [0, 0, 3, 1], "texture": "#missing"},
				"west": {"uv": [0, 0, 2, 1], "texture": "#missing"},
				"up": {"uv": [0, 0, 3, 2], "texture": "#missing"},
				"down": {"uv": [0, 0, 3, 2], "texture": "#missing"}
			}
		},
		{
			"from": [-3.5, 9.61048, 11.68814],
			"to": [-1, 10.86048, 12.93814],
			"rotation": {"angle": 45, "axis": "x", "origin": [0, 0, 0]},
			"color": 3,
			"faces": {
				"north": {"uv": [0, 0, 3, 1], "texture": "#missing"},
				"east": {"uv": [0, 0, 2, 1], "texture": "#missing"},
				"south": {"uv": [0, 0, 3, 1], "texture": "#missing"},
				"west": {"uv": [0, 0, 2, 1], "texture": "#missing"},
				"up": {"uv": [0, 0, 3, 2], "texture": "#missing"},
				"down": {"uv": [0, 0, 3, 2], "texture": "#missing"}
			}
		},
		{
			"from": [-3.5, 14.2, 3.65],
			"to": [-1, 15.35, 5.35],
			"rotation": {"angle": 45, "axis": "x", "origin": [0, 0, 0]},
			"color": 3,
			"faces": {
				"north": {"uv": [0, 0, 3, 1], "texture": "#missing"},
				"east": {"uv": [0, 0, 2, 1], "texture": "#missing"},
				"south": {"uv": [0, 0, 3, 1], "texture": "#missing"},
				"west": {"uv": [0, 0, 2, 1], "texture": "#missing"},
				"up": {"uv": [0, 0, 3, 2], "texture": "#missing"},
				"down": {"uv": [0, 0, 3, 2], "texture": "#missing"}
			}
		},
		{
			"from": [-3.5, 14.11048, -5.14391],
			"to": [-1, 15.36048, -3.89391],
			"rotation": {"angle": 45, "axis": "x", "origin": [0, 0, 0]},
			"color": 3,
			"faces": {
				"north": {"uv": [0, 0, 3, 1], "texture": "#missing"},
				"east": {"uv": [0, 0, 2, 1], "texture": "#missing"},
				"south": {"uv": [0, 0, 3, 1], "texture": "#missing"},
				"west": {"uv": [0, 0, 2, 1], "texture": "#missing"},
				"up": {"uv": [0, 0, 3, 2], "texture": "#missing"},
				"down": {"uv": [0, 0, 3, 2], "texture": "#missing"}
			}
		},
		{
			"from": [-3.5, 12.32792, -9.94239],
			"to": [-1, 13.47792, -8.44239],
			"rotation": {"angle": 45, "axis": "x", "origin": [0, 0, 0]},
			"color": 3,
			"faces": {
				"north": {"uv": [0, 0, 3, 1], "texture": "#missing"},
				"east": {"uv": [0, 0, 2, 1], "texture": "#missing"},
				"south": {"uv": [0, 0, 3, 1], "texture": "#missing"},
				"west": {"uv": [0, 0, 2, 1], "texture": "#missing"},
				"up": {"uv": [0, 0, 3, 2], "texture": "#missing"},
				"down": {"uv": [0, 0, 3, 2], "texture": "#missing"}
			}
		},
		{
			"from": [-3.5, 9.35215, -13.86442],
			"to": [-1, 10.60215, -12.61442],
			"rotation": {"angle": 45, "axis": "x", "origin": [0, 0, 0]},
			"color": 3,
			"faces": {
				"north": {"uv": [0, 0, 3, 1], "texture": "#missing"},
				"east": {"uv": [0, 0, 2, 1], "texture": "#missing"},
				"south": {"uv": [0, 0, 3, 1], "texture": "#missing"},
				"west": {"uv": [0, 0, 2, 1], "texture": "#missing"},
				"up": {"uv": [0, 0, 3, 2], "texture": "#missing"},
				"down": {"uv": [0, 0, 3, 2], "texture": "#missing"}
			}
		},
		{
			"from": [16.25, -16, -5.35],
			"to": [18.75, -14.85, -3.65],
			"rotation": {"angle": -45, "axis": "x", "origin": [0, 0, 0]},
			"color": 3,
			"faces": {
				"north": {"uv": [0, 0, 3, 1], "texture": "#missing"},
				"east": {"uv": [0, 0, 2, 1], "texture": "#missing"},
				"south": {"uv": [0, 0, 3, 1], "texture": "#missing"},
				"west": {"uv": [0, 0, 2, 1], "texture": "#missing"},
				"up": {"uv": [0, 0, 3, 2], "texture": "#missing"},
				"down": {"uv": [0, 0, 3, 2], "texture": "#missing"}
			}
		},
		{
			"from": [16.25, -16, -13.60609],
			"to": [18.75, -14.75, -12.35609],
			"rotation": {"angle": -45, "axis": "x", "origin": [0, 0, 0]},
			"color": 3,
			"faces": {
				"north": {"uv": [0, 0, 3, 1], "texture": "#missing"},
				"east": {"uv": [0, 0, 2, 1], "texture": "#missing"},
				"south": {"uv": [0, 0, 3, 1], "texture": "#missing"},
				"west": {"uv": [0, 0, 2, 1], "texture": "#missing"},
				"up": {"uv": [0, 0, 3, 2], "texture": "#missing"},
				"down": {"uv": [0, 0, 3, 2], "texture": "#missing"}
			}
		},
		{
			"from": [16.25, -12.42082, -16],
			"to": [18.75, -11.27082, -14.5],
			"rotation": {"angle": -45, "axis": "x", "origin": [0, 0, 0]},
			"color": 3,
			"faces": {
				"north": {"uv": [0, 0, 3, 1], "texture": "#missing"},
				"east": {"uv": [0, 0, 2, 1], "texture": "#missing"},
				"south": {"uv": [0, 0, 3, 1], "texture": "#missing"},
				"west": {"uv": [0, 0, 2, 1], "texture": "#missing"},
				"up": {"uv": [0, 0, 3, 2], "texture": "#missing"},
				"down": {"uv": [0, 0, 3, 2], "texture": "#missing"}
			}
		},
		{
			"from": [16.25, -8.14785, -16],
			"to": [18.75, -6.89785, -14.75],
			"rotation": {"angle": -45, "axis": "x", "origin": [0, 0, 0]},
			"color": 3,
			"faces": {
				"north": {"uv": [0, 0, 3, 1], "texture": "#missing"},
				"east": {"uv": [0, 0, 2, 1], "texture": "#missing"},
				"south": {"uv": [0, 0, 3, 1], "texture": "#missing"},
				"west": {"uv": [0, 0, 2, 1], "texture": "#missing"},
				"up": {"uv": [0, 0, 3, 2], "texture": "#missing"},
				"down": {"uv": [0, 0, 3, 2], "texture": "#missing"}
			}
		},
		{
			"from": [16.25, 1.2, -16],
			"to": [18.75, 2.35, -14.3],
			"rotation": {"angle": -45, "axis": "x", "origin": [0, 0, 0]},
			"color": 3,
			"faces": {
				"north": {"uv": [0, 0, 3, 1], "texture": "#missing"},
				"east": {"uv": [0, 0, 2, 1], "texture": "#missing"},
				"south": {"uv": [0, 0, 3, 1], "texture": "#missing"},
				"west": {"uv": [0, 0, 2, 1], "texture": "#missing"},
				"up": {"uv": [0, 0, 3, 2], "texture": "#missing"},
				"down": {"uv": [0, 0, 3, 2], "texture": "#missing"}
			}
		},
		{
			"from": [16.25, 9.35215, -13.86442],
			"to": [18.75, 10.60215, -12.61442],
			"rotation": {"angle": 45, "axis": "x", "origin": [0, 0, 0]},
			"color": 3,
			"faces": {
				"north": {"uv": [0, 0, 3, 1], "texture": "#missing"},
				"east": {"uv": [0, 0, 2, 1], "texture": "#missing"},
				"south": {"uv": [0, 0, 3, 1], "texture": "#missing"},
				"west": {"uv": [0, 0, 2, 1], "texture": "#missing"},
				"up": {"uv": [0, 0, 3, 2], "texture": "#missing"},
				"down": {"uv": [0, 0, 3, 2], "texture": "#missing"}
			}
		},
		{
			"from": [16.25, 12.32792, -9.94239],
			"to": [18.75, 13.47792, -8.44239],
			"rotation": {"angle": 45, "axis": "x", "origin": [0, 0, 0]},
			"color": 3,
			"faces": {
				"north": {"uv": [0, 0, 3, 1], "texture": "#missing"},
				"east": {"uv": [0, 0, 2, 1], "texture": "#missing"},
				"south": {"uv": [0, 0, 3, 1], "texture": "#missing"},
				"west": {"uv": [0, 0, 2, 1], "texture": "#missing"},
				"up": {"uv": [0, 0, 3, 2], "texture": "#missing"},
				"down": {"uv": [0, 0, 3, 2], "texture": "#missing"}
			}
		},
		{
			"from": [16.25, 14.11048, -5.14391],
			"to": [18.75, 15.36048, -3.89391],
			"rotation": {"angle": 45, "axis": "x", "origin": [0, 0, 0]},
			"color": 3,
			"faces": {
				"north": {"uv": [0, 0, 3, 1], "texture": "#missing"},
				"east": {"uv": [0, 0, 2, 1], "texture": "#missing"},
				"south": {"uv": [0, 0, 3, 1], "texture": "#missing"},
				"west": {"uv": [0, 0, 2, 1], "texture": "#missing"},
				"up": {"uv": [0, 0, 3, 2], "texture": "#missing"},
				"down": {"uv": [0, 0, 3, 2], "texture": "#missing"}
			}
		},
		{
			"from": [16.25, 14.2, 3.65],
			"to": [18.75, 15.35, 5.35],
			"rotation": {"angle": 45, "axis": "x", "origin": [0, 0, 0]},
			"color": 3,
			"faces": {
				"north": {"uv": [0, 0, 3, 1], "texture": "#missing"},
				"east": {"uv": [0, 0, 2, 1], "texture": "#missing"},
				"south": {"uv": [0, 0, 3, 1], "texture": "#missing"},
				"west": {"uv": [0, 0, 2, 1], "texture": "#missing"},
				"up": {"uv": [0, 0, 3, 2], "texture": "#missing"},
				"down": {"uv": [0, 0, 3, 2], "texture": "#missing"}
			}
		},
		{
			"from": [16.25, 9.61048, 11.68814],
			"to": [18.75, 10.86048, 12.93814],
			"rotation": {"angle": 45, "axis": "x", "origin": [0, 0, 0]},
			"color": 3,
			"faces": {
				"north": {"uv": [0, 0, 3, 1], "texture": "#missing"},
				"east": {"uv": [0, 0, 2, 1], "texture": "#missing"},
				"south": {"uv": [0, 0, 3, 1], "texture": "#missing"},
				"west": {"uv": [0, 0, 2, 1], "texture": "#missing"},
				"up": {"uv": [0, 0, 3, 2], "texture": "#missing"},
				"down": {"uv": [0, 0, 3, 2], "texture": "#missing"}
			}
		},
		{
			"from": [16.25, 5.96396, 14.80635],
			"to": [18.75, 7.11396, 16.30635],
			"rotation": {"angle": 45, "axis": "x", "origin": [0, 0, 0]},
			"color": 3,
			"faces": {
				"north": {"uv": [0, 0, 3, 1], "texture": "#missing"},
				"east": {"uv": [0, 0, 2, 1], "texture": "#missing"},
				"south": {"uv": [0, 0, 3, 1], "texture": "#missing"},
				"west": {"uv": [0, 0, 2, 1], "texture": "#missing"},
				"up": {"uv": [0, 0, 3, 2], "texture": "#missing"},
				"down": {"uv": [0, 0, 3, 2], "texture": "#missing"}
			}
		},
		{
			"from": [16.25, 1.55792, 17.11442],
			"to": [18.75, 2.80792, 18.36442],
			"rotation": {"angle": 22.5, "axis": "x", "origin": [0, 0, 0]},
			"color": 3,
			"faces": {
				"north": {"uv": [0, 0, 3, 1], "texture": "#missing"},
				"east": {"uv": [0, 0, 2, 1], "texture": "#missing"},
				"south": {"uv": [0, 0, 3, 1], "texture": "#missing"},
				"west": {"uv": [0, 0, 2, 1], "texture": "#missing"},
				"up": {"uv": [0, 0, 3, 2], "texture": "#missing"},
				"down": {"uv": [0, 0, 3, 2], "texture": "#missing"}
			}
		},
		{
			"from": [16.25, -7.8, 16.65],
			"to": [18.75, -6.65, 18.35],
			"rotation": {"angle": 0, "axis": "y", "origin": [0, 0, 0]},
			"color": 3,
			"faces": {
				"north": {"uv": [0, 0, 3, 1], "texture": "#missing"},
				"east": {"uv": [0, 0, 2, 1], "texture": "#missing"},
				"south": {"uv": [0, 0, 3, 1], "texture": "#missing"},
				"west": {"uv": [0, 0, 2, 1], "texture": "#missing"},
				"up": {"uv": [0, 0, 3, 2], "texture": "#missing"},
				"down": {"uv": [0, 0, 3, 2], "texture": "#missing"}
			}
		},
		{
			"from": [16.25, -15.94208, 11.94647],
			"to": [18.75, -14.69208, 13.19647],
			"rotation": {"angle": -22.5, "axis": "x", "origin": [0, 0, 0]},
			"color": 3,
			"faces": {
				"north": {"uv": [0, 0, 3, 1], "texture": "#missing"},
				"east": {"uv": [0, 0, 2, 1], "texture": "#missing"},
				"south": {"uv": [0, 0, 3, 1], "texture": "#missing"},
				"west": {"uv": [0, 0, 2, 1], "texture": "#missing"},
				"up": {"uv": [0, 0, 3, 2], "texture": "#missing"},
				"down": {"uv": [0, 0, 3, 2], "texture": "#missing"}
			}
		},
		{
			"from": [16.25, -16, 8.44239],
			"to": [18.75, -14.85, 9.94239],
			"rotation": {"angle": -45, "axis": "x", "origin": [0, 0, 0]},
			"color": 3,
			"faces": {
				"north": {"uv": [0, 0, 3, 1], "texture": "#missing"},
				"east": {"uv": [0, 0, 2, 1], "texture": "#missing"},
				"south": {"uv": [0, 0, 3, 1], "texture": "#missing"},
				"west": {"uv": [0, 0, 2, 1], "texture": "#missing"},
				"up": {"uv": [0, 0, 3, 2], "texture": "#missing"},
				"down": {"uv": [0, 0, 3, 2], "texture": "#missing"}
			}
		},
		{
			"from": [16.25, -16, 4.56186],
			"to": [18.75, -14.75, 5.81186],
			"rotation": {"angle": -45, "axis": "x", "origin": [0, 0, 0]},
			"color": 3,
			"faces": {
				"north": {"uv": [0, 0, 3, 1], "texture": "#missing"},
				"east": {"uv": [0, 0, 2, 1], "texture": "#missing"},
				"south": {"uv": [0, 0, 3, 1], "texture": "#missing"},
				"west": {"uv": [0, 0, 2, 1], "texture": "#missing"},
				"up": {"uv": [0, 0, 3, 2], "texture": "#missing"},
				"down": {"uv": [0, 0, 3, 2], "texture": "#missing"}
			}
		},
		{
			"from": [16.25, -7.8, -11.35],
			"to": [18.75, -6.65, -9.65],
			"rotation": {"angle": 0, "axis": "y", "origin": [0, 0, 0]},
			"color": 3,
			"faces": {
				"north": {"uv": [0, 0, 3, 1], "texture": "#missing"},
				"east": {"uv": [0, 0, 2, 1], "texture": "#missing"},
				"south": {"uv": [0, 0, 3, 1], "texture": "#missing"},
				"west": {"uv": [0, 0, 2, 1], "texture": "#missing"},
				"up": {"uv": [0, 0, 3, 2], "texture": "#missing"},
				"down": {"uv": [0, 0, 3, 2], "texture": "#missing"}
			}
		},
		{
			"from": [16.25, -1.94208, -12.30224],
			"to": [18.75, -0.69208, -11.05224],
			"rotation": {"angle": -22.5, "axis": "x", "origin": [0, 0, 0]},
			"color": 3,
			"faces": {
				"north": {"uv": [0, 0, 3, 1], "texture": "#missing"},
				"east": {"uv": [0, 0, 2, 1], "texture": "#missing"},
				"south": {"uv": [0, 0, 3, 1], "texture": "#missing"},
				"west": {"uv": [0, 0, 2, 1], "texture": "#missing"},
				"up": {"uv": [0, 0, 3, 2], "texture": "#missing"},
				"down": {"uv": [0, 0, 3, 2], "texture": "#missing"}
			}
		},
		{
			"from": [16.25, 1.01421, -11.3566],
			"to": [18.75, 2.16421, -9.8566],
			"rotation": {"angle": -45, "axis": "x", "origin": [0, 0, 0]},
			"color": 3,
			"faces": {
				"north": {"uv": [0, 0, 3, 1], "texture": "#missing"},
				"east": {"uv": [0, 0, 2, 1], "texture": "#missing"},
				"south": {"uv": [0, 0, 3, 1], "texture": "#missing"},
				"west": {"uv": [0, 0, 2, 1], "texture": "#missing"},
				"up": {"uv": [0, 0, 3, 2], "texture": "#missing"},
				"down": {"uv": [0, 0, 3, 2], "texture": "#missing"}
			}
		},
		{
			"from": [16.25, 3.5483, -9.43814],
			"to": [18.75, 4.7983, -8.18814],
			"rotation": {"angle": -45, "axis": "x", "origin": [0, 0, 0]},
			"color": 3,
			"faces": {
				"north": {"uv": [0, 0, 3, 1], "texture": "#missing"},
				"east": {"uv": [0, 0, 2, 1], "texture": "#missing"},
				"south": {"uv": [0, 0, 3, 1], "texture": "#missing"},
				"west": {"uv": [0, 0, 2, 1], "texture": "#missing"},
				"up": {"uv": [0, 0, 3, 2], "texture": "#missing"},
				"down": {"uv": [0, 0, 3, 2], "texture": "#missing"}
			}
		},
		{
			"from": [16.25, 7.2, -5.35],
			"to": [18.75, 8.35, -3.65],
			"rotation": {"angle": -45, "axis": "x", "origin": [0, 0, 0]},
			"color": 3,
			"faces": {
				"north": {"uv": [0, 0, 3, 1], "texture": "#missing"},
				"east": {"uv": [0, 0, 2, 1], "texture": "#missing"},
				"south": {"uv": [0, 0, 3, 1], "texture": "#missing"},
				"west": {"uv": [0, 0, 2, 1], "texture": "#missing"},
				"up": {"uv": [0, 0, 3, 2], "texture": "#missing"},
				"down": {"uv": [0, 0, 3, 2], "texture": "#missing"}
			}
		},
		{
			"from": [16.25, 8.0483, 0.39391],
			"to": [18.75, 9.2983, 1.64391],
			"rotation": {"angle": -45, "axis": "x", "origin": [0, 0, 0]},
			"color": 3,
			"faces": {
				"north": {"uv": [0, 0, 3, 1], "texture": "#missing"},
				"east": {"uv": [0, 0, 2, 1], "texture": "#missing"},
				"south": {"uv": [0, 0, 3, 1], "texture": "#missing"},
				"west": {"uv": [0, 0, 2, 1], "texture": "#missing"},
				"up": {"uv": [0, 0, 3, 2], "texture": "#missing"},
				"down": {"uv": [0, 0, 3, 2], "texture": "#missing"}
			}
		},
		{
			"from": [16.25, 7.37817, 3.49264],
			"to": [18.75, 8.52817, 4.99264],
			"rotation": {"angle": -45, "axis": "x", "origin": [0, 0, 0]},
			"color": 3,
			"faces": {
				"north": {"uv": [0, 0, 3, 1], "texture": "#missing"},
				"east": {"uv": [0, 0, 2, 1], "texture": "#missing"},
				"south": {"uv": [0, 0, 3, 1], "texture": "#missing"},
				"west": {"uv": [0, 0, 2, 1], "texture": "#missing"},
				"up": {"uv": [0, 0, 3, 2], "texture": "#missing"},
				"down": {"uv": [0, 0, 3, 2], "texture": "#missing"}
			}
		},
		{
			"from": [16.25, 5.85215, 6.55224],
			"to": [18.75, 7.10215, 7.80224],
			"rotation": {"angle": -45, "axis": "x", "origin": [0, 0, 0]},
			"color": 3,
			"faces": {
				"north": {"uv": [0, 0, 3, 1], "texture": "#missing"},
				"east": {"uv": [0, 0, 2, 1], "texture": "#missing"},
				"south": {"uv": [0, 0, 3, 1], "texture": "#missing"},
				"west": {"uv": [0, 0, 2, 1], "texture": "#missing"},
				"up": {"uv": [0, 0, 3, 2], "texture": "#missing"},
				"down": {"uv": [0, 0, 3, 2], "texture": "#missing"}
			}
		},
		{
			"from": [16.25, 1.2, 9.65],
			"to": [18.75, 2.35, 11.35],
			"rotation": {"angle": -45, "axis": "x", "origin": [0, 0, 0]},
			"color": 3,
			"faces": {
				"north": {"uv": [0, 0, 3, 1], "texture": "#missing"},
				"east": {"uv": [0, 0, 2, 1], "texture": "#missing"},
				"south": {"uv": [0, 0, 3, 1], "texture": "#missing"},
				"west": {"uv": [0, 0, 2, 1], "texture": "#missing"},
				"up": {"uv": [0, 0, 3, 2], "texture": "#missing"},
				"down": {"uv": [0, 0, 3, 2], "texture": "#missing"}
			}
		},
		{
			"from": [16.25, -4.64785, 10.38429],
			"to": [18.75, -3.39785, 11.63429],
			"rotation": {"angle": 45, "axis": "x", "origin": [0, 0, 0]},
			"color": 3,
			"faces": {
				"north": {"uv": [0, 0, 3, 1], "texture": "#missing"},
				"east": {"uv": [0, 0, 2, 1], "texture": "#missing"},
				"south": {"uv": [0, 0, 3, 1], "texture": "#missing"},
				"west": {"uv": [0, 0, 2, 1], "texture": "#missing"},
				"up": {"uv": [0, 0, 3, 2], "texture": "#missing"},
				"down": {"uv": [0, 0, 3, 2], "texture": "#missing"}
			}
		},
		{
			"from": [16.25, -7.47107, 9.8566],
			"to": [18.75, -6.32107, 11.3566],
			"rotation": {"angle": 45, "axis": "x", "origin": [0, 0, 0]},
			"color": 3,
			"faces": {
				"north": {"uv": [0, 0, 3, 1], "texture": "#missing"},
				"east": {"uv": [0, 0, 2, 1], "texture": "#missing"},
				"south": {"uv": [0, 0, 3, 1], "texture": "#missing"},
				"west": {"uv": [0, 0, 2, 1], "texture": "#missing"},
				"up": {"uv": [0, 0, 3, 2], "texture": "#missing"},
				"down": {"uv": [0, 0, 3, 2], "texture": "#missing"}
			}
		},
		{
			"from": [16.25, -10.13823, 8.85609],
			"to": [18.75, -8.88823, 10.10609],
			"rotation": {"angle": 45, "axis": "x", "origin": [0, 0, 0]},
			"color": 3,
			"faces": {
				"north": {"uv": [0, 0, 3, 1], "texture": "#missing"},
				"east": {"uv": [0, 0, 2, 1], "texture": "#missing"},
				"south": {"uv": [0, 0, 3, 1], "texture": "#missing"},
				"west": {"uv": [0, 0, 2, 1], "texture": "#missing"},
				"up": {"uv": [0, 0, 3, 2], "texture": "#missing"},
				"down": {"uv": [0, 0, 3, 2], "texture": "#missing"}
			}
		},
		{
			"from": [16.25, -13.8, 3.65],
			"to": [18.75, -12.65, 5.35],
			"rotation": {"angle": 45, "axis": "x", "origin": [0, 0, 0]},
			"color": 3,
			"faces": {
				"north": {"uv": [0, 0, 3, 1], "texture": "#missing"},
				"east": {"uv": [0, 0, 2, 1], "texture": "#missing"},
				"south": {"uv": [0, 0, 3, 1], "texture": "#missing"},
				"west": {"uv": [0, 0, 2, 1], "texture": "#missing"},
				"up": {"uv": [0, 0, 3, 2], "texture": "#missing"},
				"down": {"uv": [0, 0, 3, 2], "texture": "#missing"}
			}
		},
		{
			"from": [16.25, -14.63823, -2.31186],
			"to": [18.75, -13.38823, -1.06186],
			"rotation": {"angle": 45, "axis": "x", "origin": [0, 0, 0]},
			"color": 3,
			"faces": {
				"north": {"uv": [0, 0, 3, 1], "texture": "#missing"},
				"east": {"uv": [0, 0, 2, 1], "texture": "#missing"},
				"south": {"uv": [0, 0, 3, 1], "texture": "#missing"},
				"west": {"uv": [0, 0, 2, 1], "texture": "#missing"},
				"up": {"uv": [0, 0, 3, 2], "texture": "#missing"},
				"down": {"uv": [0, 0, 3, 2], "texture": "#missing"}
			}
		},
		{
			"from": [16.25, -13.83503, -4.99264],
			"to": [18.75, -12.68503, -3.49264],
			"rotation": {"angle": 45, "axis": "x", "origin": [0, 0, 0]},
			"color": 3,
			"faces": {
				"north": {"uv": [0, 0, 3, 1], "texture": "#missing"},
				"east": {"uv": [0, 0, 2, 1], "texture": "#missing"},
				"south": {"uv": [0, 0, 3, 1], "texture": "#missing"},
				"west": {"uv": [0, 0, 2, 1], "texture": "#missing"},
				"up": {"uv": [0, 0, 3, 2], "texture": "#missing"},
				"down": {"uv": [0, 0, 3, 2], "texture": "#missing"}
			}
		},
		{
			"from": [16.25, -12.44208, -7.13429],
			"to": [18.75, -11.19208, -5.88429],
			"rotation": {"angle": 22.5, "axis": "x", "origin": [0, 0, 0]},
			"color": 3,
			"faces": {
				"north": {"uv": [0, 0, 3, 1], "texture": "#missing"},
				"east": {"uv": [0, 0, 2, 1], "texture": "#missing"},
				"south": {"uv": [0, 0, 3, 1], "texture": "#missing"},
				"west": {"uv": [0, 0, 2, 1], "texture": "#missing"},
				"up": {"uv": [0, 0, 3, 2], "texture": "#missing"},
				"down": {"uv": [0, 0, 3, 2], "texture": "#missing"}
			}
		},
		{
			"from": [16.25, -2.65, 27.5],
			"to": [18.5, 1.65, 32],
			"rotation": {"angle": -45, "axis": "x", "origin": [19.5, -2.5, 28]},
			"color": 5,
			"faces": {
				"north": {"uv": [0, 0, 3, 1], "texture": "#missing"},
				"east": {"uv": [0, 0, 2, 1], "texture": "#missing"},
				"south": {"uv": [0, 0, 3, 1], "texture": "#missing"},
				"west": {"uv": [0, 0, 2, 1], "texture": "#missing"},
				"up": {"uv": [0, 0, 3, 2], "texture": "#missing"},
				"down": {"uv": [0, 0, 3, 2], "texture": "#missing"}
			}
		},
		{
			"from": [16.25, -2.65, 8.2],
			"to": [18.5, 1.65, 12.7],
			"rotation": {"angle": -45, "axis": "x", "origin": [19.5, -2.5, 0]},
			"color": 5,
			"faces": {
				"north": {"uv": [0, 0, 3, 1], "texture": "#missing"},
				"east": {"uv": [0, 0, 2, 1], "texture": "#missing"},
				"south": {"uv": [0, 0, 3, 1], "texture": "#missing"},
				"west": {"uv": [0, 0, 2, 1], "texture": "#missing"},
				"up": {"uv": [0, 0, 3, 2], "texture": "#missing"},
				"down": {"uv": [0, 0, 3, 2], "texture": "#missing"}
			}
		}
	],
	"groups": [0, 1, 2, 3, 4, 5, 6, 7, 8, 9, 10, 11, 12, 13, 14, 15, 16, 17, 18, 19, 20, 21, 22, 23, 24, 25, 26, 27, 28, 29, 30, 31, 32, 33, 34, 35, 36, 37, 38, 39, 40, 41, 42, 43, 44, 45, 46, 47, 48, 49, 50, 51, 52, 53, 54, 55, 56, 57, 58, 59, 60, 61, 62, 63, 64, 65, 66, 67, 68, 69, 70, 71, 72, 73, 74, 75, 76, 77, 78, 79, 80, 81, 82, 83, 84, 85, 86, 87, 88, 89,
		{
			"name": "левые колёса",
			"origin": [0, 0, 0],
			"children": [90, 91, 92, 93, 94, 95, 96, 97, 98, 99, 100, 101, 102, 103, 104, 105, 106, 107, 108, 109, 110, 111, 112, 113, 114, 115, 116, 117, 118, 119, 120, 121, 122, 123]
		},
		{
			"name": "правые колёса",
			"origin": [0, 0, 0],
			"children": [124, 125, 126, 127, 128, 129, 130, 131, 132, 133, 134, 135, 136, 137, 138, 139, 140, 141, 142, 143, 144, 145, 146, 147, 148, 149, 150, 151, 152, 153, 154, 155, 156, 157]
		}
	]
}